0,4,4,4,1,7,0,0,4,0,3,0,0,0,3,0,0,1,1
2,1,4,4,0,3,0,0,5,8,1,0,0,0,13,0,0,1,1
6,2,8,8,1,7,0,0,10,0,5,0,0,0,6,0,0,1,1
2,3,0,0,0,5,0,1,3,2,3,0,0,0,5,0,1,3,1
6,6,51,51,0,10,0,0,5,6,6,51,51,0,10,0,0,5,1
4,1,6,6,0,5,0,1,1,4,1,6,6,0,5,0,1,1,1
6,2,9,9,0,10,0,0,4,6,2,9,9,0,10,0,0,4,1
7,1,11,11,3,8,0,1,9,7,1,11,11,3,8,0,1,9,1
3,2,8,8,1,6,0,0,5,3,2,8,8,1,6,0,0,5,1
2,2,8,8,1,6,0,0,6,2,2,8,8,1,6,0,0,6,1
3,1,1,1,0,4,0,1,4,5,1,17,17,0,13,0,0,5,1
3,0,1,1,0,3,0,0,1,3,0,1,1,0,3,0,0,1,1
5,1,16,16,1,3,0,0,3,5,1,16,16,1,3,0,0,3,1
4,1,20,20,0,5,0,0,1,4,1,20,20,0,5,0,0,1,1
18,1,15,15,2,8,0,0,9,18,1,15,15,2,8,0,0,9,1
15,1,3,3,1,3,0,0,3,0,0,14,14,0,0,0,0,8,1
1,0,5,5,0,2,0,0,0,6,0,7,7,0,6,0,0,0,1
0,0,2,2,0,0,0,0,1,0,0,2,2,0,0,0,0,1,1
1,0,4,4,0,2,0,0,1,1,0,4,4,0,2,0,0,1,1
2,2,3,3,1,5,0,0,5,0,0,9,9,0,1,0,0,2,1
2,0,4,4,1,3,0,0,5,1,0,6,6,1,2,0,0,7,1
4,1,0,0,0,6,0,1,1,9,11,19,19,2,25,4,0,8,1
0,0,4,4,0,0,0,0,3,0,0,4,4,0,0,0,0,3,1
2,1,3,3,1,7,0,0,3,2,1,9,9,1,3,0,0,3,1
3,2,8,8,1,6,0,0,5,3,2,8,8,1,6,0,0,5,1
7,3,10,10,2,11,0,0,7,13,3,31,31,2,17,0,0,24,1
4,0,0,0,0,6,0,0,0,4,0,0,0,0,6,0,0,0,1
10,3,27,27,2,12,0,0,23,10,3,27,27,2,12,0,0,23,1
4,0,0,0,0,6,0,0,0,4,0,0,0,0,6,0,0,0,1
10,3,27,27,2,12,0,0,23,14,3,22,22,3,18,0,0,15,1
7,3,10,10,2,11,0,0,7,7,3,10,10,2,11,0,0,7,1
7,1,16,16,3,8,0,0,11,7,1,16,16,3,8,0,0,11,1
3,0,9,9,1,3,0,0,15,0,0,4,4,0,0,0,0,3,1
2,1,0,0,0,3,0,0,4,2,1,3,3,1,7,0,0,3,1
4,0,2,2,0,8,0,0,0,2,2,0,0,0,4,0,1,1,1
1,0,17,17,0,1,0,0,17,1,0,17,17,0,1,0,0,17,1
0,2,0,0,0,3,0,0,2,0,2,0,0,0,3,0,0,2,1
4,4,7,7,0,11,1,1,15,1,1,1,1,0,2,0,0,2,1
7,1,2,2,1,16,1,0,3,1,0,4,4,0,2,0,0,1,1
4,1,2,2,2,5,0,0,4,4,1,2,2,2,5,0,0,4,1
1,0,5,5,0,2,0,0,0,1,0,5,5,0,2,0,0,0,1
18,1,14,14,3,9,0,0,9,18,1,15,15,2,8,0,0,9,1
4,1,20,20,0,5,0,0,1,4,1,20,20,0,5,0,0,1,1
3,0,1,1,0,3,0,0,1,3,0,1,1,0,3,0,0,1,1
4,2,3,3,0,7,0,0,3,4,2,3,3,0,7,0,0,3,1
4,2,3,3,0,7,0,0,3,4,2,3,3,0,7,0,0,3,1
3,1,3,3,0,4,0,1,3,5,1,17,17,0,13,0,0,5,1
1,2,0,0,0,3,0,2,3,1,2,0,0,0,3,0,2,3,1
7,1,11,11,3,8,0,1,9,7,1,11,11,3,8,0,1,9,1
0,1,3,3,0,3,0,0,1,0,1,3,3,0,3,0,0,1,1
4,1,6,6,0,5,0,1,1,4,1,6,6,0,5,0,1,1,1
2,5,2,2,1,45,0,0,3,2,5,2,2,1,45,0,0,3,1
1,1,0,0,0,4,0,0,1,7,2,10,10,1,15,0,0,10,1
0,4,4,4,1,7,0,0,4,0,4,4,4,1,7,0,0,4,1
0,1,0,0,0,1,1,0,1,2,1,4,4,0,3,0,0,5,1
0,4,4,4,1,7,0,0,4,1,2,1,1,0,3,0,0,9,1
0,4,4,4,1,7,0,0,4,0,4,4,4,1,7,0,0,4,1
6,6,51,51,0,10,0,0,5,6,1,14,14,1,6,0,0,7,1
2,3,0,0,0,5,0,1,3,2,3,0,0,0,5,0,1,3,1
3,2,0,0,0,7,0,0,2,5,1,2,2,0,6,0,0,1,1
3,1,5,5,4,27,0,0,12,3,1,5,5,4,27,0,0,12,1
4,1,6,6,0,5,0,1,1,3,1,4,4,1,4,1,0,5,1
0,4,4,4,1,7,0,0,4,0,4,4,4,1,7,0,0,4,1
7,1,3,3,0,8,0,0,5,14,1,26,26,4,15,0,0,15,1
4,2,16,16,3,7,0,0,13,4,2,16,16,3,7,0,0,13,1
5,1,16,16,1,3,0,0,3,5,1,16,16,1,3,0,0,3,1
3,1,3,3,0,4,0,0,1,3,1,3,3,0,4,0,0,1,1
0,1,7,7,0,1,0,0,7,0,1,7,7,0,1,0,0,7,1
2,2,8,8,1,6,0,0,6,4,2,3,3,0,7,0,0,3,1
3,0,4,4,0,4,0,0,1,6,0,7,7,0,6,0,0,0,1
1,0,4,4,0,2,0,0,1,7,1,4,4,2,20,0,0,5,1
9,1,12,12,0,6,0,0,1,3,1,1,1,1,6,0,1,4,1
1,0,8,8,0,2,0,0,0,4,0,6,6,0,4,0,0,0,1
2,0,0,0,0,2,0,4,1,3,0,4,4,1,3,0,1,5,1
9,1,12,12,0,6,0,0,1,9,1,12,12,0,6,0,0,1,1
4,1,0,0,0,9,0,1,1,2,1,2,2,0,6,1,1,1,1
2,2,2,2,1,10,0,0,4,2,2,2,2,1,10,0,0,4,1
3,2,8,8,1,6,0,0,5,4,1,14,14,2,6,0,0,7,1
4,1,0,0,0,6,1,0,1,4,1,0,0,0,6,1,0,1,1
2,1,0,0,0,3,0,0,4,0,1,2,2,1,3,0,1,5,1
0,0,4,4,0,0,0,0,3,0,0,4,4,0,0,0,0,3,1
10,3,27,27,2,12,0,0,23,10,3,27,27,2,12,0,0,23,1
7,3,10,10,2,11,0,0,7,7,3,10,10,2,11,0,0,7,1
3,2,9,9,4,9,0,0,10,3,2,9,9,4,9,0,0,10,1
5,1,20,20,1,6,0,0,9,5,1,20,20,1,6,0,0,9,1
6,3,11,11,2,10,0,0,10,14,3,21,21,3,18,0,0,15,1
10,3,27,27,2,12,0,0,23,6,3,11,11,2,10,0,0,10,1
8,0,16,16,1,9,0,0,4,0,1,4,4,1,3,0,1,6,1
0,0,4,4,0,0,0,0,3,0,0,4,4,0,0,0,0,3,1
4,1,14,14,2,6,0,0,7,3,1,3,3,1,9,0,0,3,1
4,1,0,0,0,6,1,0,1,4,1,1,1,0,6,1,2,1,1
4,1,2,2,0,5,0,0,4,4,1,2,2,0,5,0,0,4,1
0,1,2,2,1,3,0,1,5,0,1,2,2,1,3,0,1,5,1
9,1,12,12,0,6,0,0,1,9,1,12,12,0,6,0,0,1,1
1,0,8,8,0,2,0,0,0,1,0,6,6,0,2,0,0,0,1
5,1,4,4,1,7,0,1,3,6,1,2,2,1,11,1,0,3,1
5,1,2,2,1,6,1,0,5,2,1,4,4,1,3,1,0,3,1
1,2,6,6,1,4,0,1,15,3,1,1,1,1,6,0,1,4,1
6,0,7,7,0,6,0,0,0,1,0,4,4,0,2,0,0,0,1
0,1,7,7,0,1,0,0,7,3,1,3,3,0,4,0,1,3,1
4,2,3,3,0,7,0,0,3,4,2,3,3,0,7,0,0,3,1
5,1,16,16,1,3,0,0,3,5,1,16,16,1,3,0,0,3,1
2,0,0,0,0,2,0,0,1,3,0,1,1,0,3,0,0,1,1
1,2,6,6,1,4,0,1,15,4,4,7,7,0,11,1,1,15,1
4,2,17,17,3,7,0,0,13,4,2,1,1,2,9,0,0,6,1
4,1,6,6,0,5,0,1,1,4,1,6,6,0,5,0,1,1,1
3,1,5,5,4,27,0,0,12,3,1,5,5,4,27,0,0,12,1
6,1,6,6,0,17,1,2,1,6,1,6,6,0,17,1,2,1,1
2,3,0,0,0,5,0,1,3,2,3,0,0,0,5,0,1,3,1
6,1,14,14,1,6,0,0,7,0,0,1,1,0,0,0,0,1,1
0,4,4,4,1,7,0,0,4,3,4,6,6,3,10,0,0,8,1
3,5,6,6,3,64,0,0,5,2,5,2,2,1,45,0,0,3,1
5,1,2,2,1,6,0,0,3,5,1,2,2,1,6,0,0,3,1
3,2,6,6,3,8,0,0,8,1,2,5,5,1,6,0,0,7,1
0,1,3,3,0,3,0,0,1,0,1,3,3,0,3,0,0,1,1
6,0,12,12,2,13,0,0,3,6,0,12,12,2,13,0,0,3,1
15,1,16,16,2,6,0,0,7,15,1,16,16,2,6,0,0,7,1
7,1,2,2,0,9,0,0,1,7,1,2,2,0,9,0,0,1,1
1,0,0,0,0,1,0,0,1,4,2,3,3,0,7,0,0,3,1
5,1,17,17,0,13,0,0,5,5,1,17,17,0,13,0,0,5,1
2,0,0,0,0,3,0,0,0,3,0,0,0,0,4,0,0,0,1
3,1,1,1,0,4,0,1,4,5,1,17,17,0,13,0,0,5,1
10,1,14,14,5,25,0,0,15,7,1,0,0,2,32,0,0,3,1
7,1,2,2,1,16,1,0,3,7,1,2,2,1,16,1,0,3,1
8,6,15,15,0,18,3,0,3,8,6,15,15,0,18,3,0,3,1
1,0,4,4,0,2,0,0,0,1,0,4,4,0,2,0,0,0,1
4,1,21,21,1,8,0,0,11,35,1,17,17,4,11,0,0,7,1
3,1,4,4,1,4,0,0,3,3,1,4,4,1,4,0,0,3,1
2,1,0,0,0,13,0,0,1,6,1,6,6,4,25,1,0,7,1
2,1,2,2,0,6,1,1,1,2,1,2,2,0,6,1,1,1,1
5,1,11,11,2,10,0,0,5,4,1,14,14,2,6,0,0,7,1
4,1,2,2,0,6,1,0,1,4,1,2,2,0,6,1,0,1,1
2,1,0,0,0,3,0,0,4,0,1,2,2,1,3,0,1,5,1
23,1,31,31,2,43,0,0,19,31,1,0,0,0,11,0,0,1,1
4,0,0,0,0,5,0,0,0,4,0,0,0,0,5,0,0,0,1
7,3,10,10,2,11,0,0,7,13,3,31,31,2,17,0,0,24,1
13,3,31,31,2,17,0,0,24,14,3,22,22,3,18,0,0,15,1
5,0,28,28,0,7,0,0,5,0,0,4,4,2,1,0,0,6,1
1,1,13,13,2,6,0,0,5,1,1,1,1,1,3,0,0,3,1
4,1,2,2,0,6,1,0,1,4,1,2,2,0,6,1,0,1,1
2,1,0,0,0,3,0,0,4,1,1,1,1,1,5,0,0,3,1
4,1,2,2,0,5,0,0,4,20,1,2,2,2,28,0,1,7,1
5,1,13,13,1,6,0,0,7,5,1,13,13,1,6,0,0,7,1
2,2,7,7,0,5,0,0,7,2,2,7,7,0,5,0,0,7,1
4,1,21,21,1,7,0,0,11,0,1,30,30,0,1,0,0,1,1
6,4,2,2,0,13,2,0,3,8,6,15,15,0,18,3,0,3,1
1,0,1,1,0,2,0,0,0,1,0,1,1,0,2,0,0,0,1
0,0,2,2,0,0,0,0,1,6,1,0,0,0,7,0,0,1,1
4,1,0,0,0,5,0,0,1,7,1,12,12,2,7,0,0,9,1
3,1,1,1,0,4,0,1,4,3,1,1,1,0,4,0,1,4,1
3,1,7,7,2,7,0,0,6,3,1,1,1,1,9,0,0,3,1
1,0,0,0,0,1,0,0,1,1,0,0,0,0,1,0,0,1,1
5,1,17,17,0,13,0,0,5,5,1,17,17,0,13,0,0,5,1
15,1,16,16,2,6,0,0,7,15,1,16,16,2,6,0,0,7,1
7,1,2,2,0,9,0,0,1,7,1,2,2,0,9,0,0,1,1
6,0,12,12,2,13,0,0,3,11,1,14,14,3,7,0,0,9,1
0,1,1,1,0,1,0,0,99,0,1,1,1,0,1,0,0,99,1
0,1,3,3,0,3,0,0,1,0,1,3,3,0,3,0,0,1,1
3,4,6,6,3,10,0,0,8,2,0,11,11,1,4,0,0,3,1
0,4,4,4,1,7,0,0,4,3,2,6,6,3,8,0,0,8,1
1,4,3,3,0,6,0,0,11,1,4,3,3,0,6,0,0,11,1
5,1,2,2,1,6,0,0,3,5,1,2,2,1,6,0,0,3,1
3,5,6,6,3,64,0,0,5,2,5,2,2,1,45,0,0,3,1
6,1,6,6,0,7,0,0,7,6,1,6,6,0,7,0,0,7,1
5,1,2,2,1,6,0,0,3,5,1,2,2,1,6,0,0,3,1
3,1,0,0,0,12,1,0,1,3,1,0,0,0,12,1,0,1,1
1,4,3,3,0,6,0,0,11,3,2,6,6,3,9,0,0,8,1
3,1,1,1,0,4,1,0,3,4,1,6,6,0,5,0,1,1,1
10,0,10,10,1,5,0,0,6,10,0,10,10,1,5,0,0,6,1
4,0,0,0,0,4,0,0,0,6,0,3,3,0,6,0,0,1,1
4,0,0,0,0,6,0,0,0,4,1,1,1,0,5,0,0,1,1
4,1,2,2,0,5,0,1,1,7,1,2,2,0,9,0,0,1,1
17,1,22,22,4,10,0,0,15,17,1,22,22,4,10,0,0,15,1
7,1,11,11,3,8,0,1,9,7,1,11,11,3,8,0,1,9,1
5,1,0,0,0,6,0,2,1,1,2,0,0,0,3,0,2,3,1
6,1,11,11,0,7,1,0,4,6,1,11,11,0,7,1,0,4,1
1,0,4,4,0,2,0,0,0,1,0,4,4,0,2,0,0,0,1
5,1,4,4,1,7,0,0,6,5,1,4,4,1,7,0,0,6,1
4,1,15,15,2,4,0,0,9,4,1,15,15,2,4,0,0,9,1
6,1,17,17,1,16,0,0,7,5,1,22,22,3,5,0,0,10,1
5,1,3,3,0,8,1,0,5,4,1,3,3,0,7,1,0,5,1
4,1,7,7,1,5,0,0,3,2,1,4,4,2,6,0,0,4,1
0,3,5,5,0,3,0,0,7,1,3,2,2,0,4,0,0,5,1
2,1,3,3,1,7,0,0,3,2,1,3,3,1,7,0,0,3,1
3,1,3,3,1,9,0,0,3,3,1,3,3,1,9,0,0,3,1
3,1,3,3,1,9,0,0,3,3,1,3,3,1,9,0,0,3,1
8,2,6,6,0,12,1,0,3,1,1,1,1,0,3,0,2,1,1
5,2,4,4,0,8,0,0,9,5,2,4,4,0,8,0,0,9,1
1,0,3,3,0,1,0,1,1,1,0,3,3,0,1,0,1,1,1
14,3,21,21,3,18,0,0,15,14,3,21,21,3,18,0,0,15,1
0,0,4,4,2,1,0,0,6,0,0,4,4,2,1,0,0,6,1
0,0,4,4,2,1,0,0,6,0,0,4,4,2,1,0,0,6,1
0,0,10,10,1,1,0,1,2,1,0,3,3,0,1,0,1,1,1
14,3,22,22,3,18,0,0,15,14,3,21,21,3,18,0,0,15,1
5,2,4,4,0,8,0,0,9,5,2,4,4,0,8,0,0,9,1
3,1,3,3,1,9,0,0,3,3,1,3,3,1,9,0,0,3,1
1,1,1,1,0,3,0,2,1,1,1,1,1,0,3,0,2,1,1
2,1,3,3,1,7,0,0,3,0,1,2,2,1,3,0,1,5,1
9,2,0,0,0,11,0,0,3,9,2,0,0,0,11,0,0,3,1
0,1,5,5,0,1,0,0,7,1,1,2,2,0,2,0,0,5,1
8,1,8,8,3,18,0,1,8,8,1,8,8,3,18,0,1,8,1
3,1,0,0,0,5,0,1,1,2,1,1,1,0,4,0,1,1,1
4,1,15,15,2,4,0,0,9,7,1,12,12,2,7,0,0,9,1
18,1,44,44,8,31,0,0,29,5,1,22,22,3,5,0,0,10,1
1,0,1,1,0,2,0,0,0,6,0,7,7,0,6,0,0,0,1
5,1,4,4,1,7,0,0,6,3,0,6,6,1,4,0,2,5,1
6,1,11,11,0,7,1,0,4,6,1,11,11,0,7,1,0,4,1
1,2,6,6,1,4,0,1,15,1,0,0,0,0,1,0,0,1,1
7,1,11,11,3,8,0,1,9,7,1,11,11,3,8,0,1,9,1
7,1,2,2,0,9,0,0,1,7,1,2,2,0,9,0,0,1,1
3,1,3,3,0,4,0,0,1,3,1,3,3,0,4,0,0,1,1
9,1,16,16,0,18,0,0,1,9,1,16,16,0,18,0,0,1,1
1,0,0,0,0,1,0,0,1,1,0,0,0,0,1,0,0,1,1
0,1,3,3,0,3,0,0,1,10,0,10,10,1,5,0,0,6,1
1,0,4,4,1,1,0,2,5,2,0,3,3,2,2,0,2,4,1
1,4,3,3,0,7,0,0,11,1,2,5,5,1,6,0,0,7,1
0,1,1,1,0,1,0,0,99,2,0,11,11,1,4,0,0,3,1
8,1,7,7,0,4,0,0,1,1,1,0,0,0,4,0,0,1,1
5,0,28,28,0,7,0,0,5,3,5,6,6,3,64,0,0,5,1
12,1,17,17,3,15,0,0,9,5,1,2,2,1,6,0,0,3,1
1,2,0,0,0,3,0,2,3,8,2,15,15,4,10,0,0,15,1
5,1,9,9,3,8,0,0,11,5,1,9,9,3,8,0,0,11,1
3,1,0,0,0,4,0,0,1,3,1,0,0,0,4,0,0,1,1
6,2,8,8,1,7,0,0,10,6,2,8,8,1,7,0,0,10,1
2,0,0,0,0,2,0,0,0,3,0,5,5,0,3,0,0,1,1
15,0,28,28,0,22,0,0,8,3,0,0,0,0,6,0,0,0,1
13,1,18,18,4,14,0,0,9,13,1,18,18,4,14,0,0,9,1
3,2,8,8,1,7,0,0,6,3,2,8,8,1,7,0,0,6,1
1,1,0,0,0,2,0,0,2,1,1,0,0,0,2,0,0,2,1
1,1,2,2,2,8,1,0,3,6,1,19,19,4,44,0,0,11,1
4,1,13,13,2,5,0,0,11,4,1,13,13,2,5,0,0,11,1
1,0,5,5,0,2,0,0,0,6,0,7,7,0,6,0,0,0,1
0,6,1,1,0,10,3,0,3,3,2,0,0,0,5,1,1,1,1
4,0,1,1,0,4,0,0,0,4,0,1,1,0,5,0,0,0,1
3,1,2,2,0,4,1,0,1,0,1,1,1,0,1,0,0,99,1
3,1,2,2,1,4,1,0,3,3,1,2,2,1,4,1,0,3,1
13,1,30,30,6,32,0,0,13,4,1,10,10,2,7,0,0,5,1
5,0,1,1,0,7,0,0,0,5,0,1,1,0,7,0,0,0,1
4,1,1,1,0,6,1,0,1,2,4,0,0,0,10,0,0,3,1
11,0,11,11,2,11,1,0,5,11,0,11,11,2,11,1,0,5,1
2,3,3,3,0,5,0,0,5,0,2,0,0,0,3,0,0,2,1
1,0,0,0,0,1,0,1,1,1,0,0,0,0,1,0,1,1,1
1,0,6,6,2,1,0,1,7,1,0,6,6,2,1,0,1,7,1
1,0,2,2,1,1,0,2,2,1,0,2,2,1,1,0,2,2,1
1,1,6,6,1,3,0,0,7,0,1,1,1,0,1,0,0,100,1
2,0,4,4,1,2,0,1,3,6,2,11,11,4,10,0,0,11,1
1,1,0,0,0,2,0,0,1,1,1,0,0,0,2,0,0,1,1
3,0,2,2,0,2,0,0,0,3,0,2,2,0,2,0,0,0,1
2,5,7,7,1,11,0,0,15,0,3,9,9,0,3,0,0,16,1
2,5,7,7,1,11,0,0,15,2,5,7,7,1,11,0,0,15,1
5,0,27,27,0,6,0,0,12,3,0,2,2,0,2,0,0,0,1
8,1,7,7,0,9,0,0,3,8,1,7,7,0,9,0,0,3,1
2,0,4,4,1,2,0,1,3,2,0,4,4,1,2,0,1,3,1
1,0,2,2,1,1,0,2,2,1,0,6,6,2,1,0,1,7,1
0,1,1,1,0,1,0,0,100,0,1,1,1,0,1,0,0,100,1
0,0,3,3,0,1,0,0,3,2,2,4,4,0,5,0,0,5,1
1,0,6,6,2,1,0,1,7,1,0,6,6,2,1,0,1,7,1
11,0,11,11,2,11,1,0,5,11,0,11,11,2,11,1,0,5,1
0,2,0,0,0,3,0,0,2,0,2,0,0,0,3,0,0,2,1
4,1,1,1,0,5,0,1,1,4,1,1,1,0,5,0,1,1,1
5,0,1,1,0,7,0,0,0,5,0,28,28,0,7,0,0,5,1
3,0,0,0,0,3,0,0,2,3,0,0,0,0,3,0,0,2,1
2,1,6,6,1,5,0,0,3,6,2,8,8,1,7,0,0,10,1
4,0,1,1,0,5,0,0,0,3,0,3,3,1,4,0,0,2,1
2,1,8,8,1,4,0,0,9,2,1,8,8,1,4,0,0,9,1
3,2,0,0,0,5,1,1,1,3,2,0,0,0,5,1,1,1,1
0,0,0,0,1,5,0,2,3,0,0,0,0,1,5,0,2,3,1
6,0,7,7,0,6,0,0,0,6,0,7,7,0,6,0,0,0,1
4,1,13,13,2,5,0,0,11,3,1,2,2,1,6,0,0,3,1
6,1,19,19,4,44,0,0,11,6,1,19,19,4,44,0,0,11,1
14,1,26,26,4,15,0,0,15,14,1,26,26,4,15,0,0,15,1
3,2,8,8,1,7,0,0,6,3,2,8,8,1,7,0,0,6,1
2,0,2,2,1,2,0,1,3,1,0,2,2,0,1,0,2,1,1
4,3,3,3,1,7,0,0,6,4,3,3,3,1,7,0,0,6,1
6,1,4,4,0,19,0,0,1,6,1,4,4,0,19,0,0,1,1
3,1,0,0,0,4,0,0,1,3,1,0,0,0,4,0,0,1,1
5,1,9,9,3,8,0,0,11,5,1,9,9,3,8,0,0,11,1
8,2,15,15,4,10,0,0,15,8,2,15,15,4,10,0,0,15,1
5,2,6,6,2,9,1,0,8,7,0,7,7,2,7,0,1,6,1
6,1,12,12,6,7,0,0,13,6,1,12,12,6,7,0,0,13,1
1,2,0,0,0,3,0,2,3,1,2,0,0,0,3,0,2,3,1
6,2,8,8,1,7,0,0,10,3,1,1,1,1,5,0,0,3,1
3,1,0,0,0,4,0,0,1,4,1,2,2,2,9,0,0,4,1
3,2,8,8,1,7,0,0,6,3,2,8,8,1,7,0,0,6,1
1,0,1,1,0,1,0,1,1,15,1,0,0,0,5,1,0,1,1
1,1,0,0,0,2,0,0,2,6,2,6,6,0,9,1,0,1,1
3,2,8,8,1,7,0,0,6,3,2,8,8,1,7,0,0,6,1
12,1,37,37,4,22,0,0,18,3,1,1,1,0,4,0,1,1,1
5,1,23,23,2,6,1,1,17,4,1,4,4,1,15,0,0,4,1
3,0,0,0,0,3,0,0,0,3,0,0,0,0,3,0,0,0,1
7,1,2,2,1,9,0,1,3,7,1,2,2,1,9,0,1,3,1
1,1,2,2,2,5,0,0,6,0,1,2,2,1,9,0,0,7,1
34,1,109,109,5,44,0,0,17,6,1,2,2,0,8,0,0,1,1
6,0,2,2,0,8,0,0,1,6,0,2,2,0,8,0,0,1,1
4,2,8,8,1,7,0,0,5,4,2,8,8,1,7,0,0,5,1
6,1,2,2,0,8,0,0,1,6,1,8,8,1,7,0,1,9,1
4,1,0,0,0,5,0,0,3,4,1,10,10,1,4,0,0,9,1
11,0,11,11,2,11,1,0,5,11,0,11,11,2,11,1,0,5,1
0,1,1,1,0,1,0,0,99,0,1,1,1,0,1,0,0,99,1
8,1,0,0,0,9,0,0,1,8,1,0,0,0,9,0,0,1,1
1,0,0,0,0,1,0,1,1,1,0,0,0,0,1,0,1,1,1
1,0,2,2,1,1,0,2,2,1,0,2,2,1,1,0,2,2,1
4,1,0,0,0,5,0,0,1,6,1,0,0,0,7,0,1,3,1
2,2,4,4,0,5,0,0,5,1,2,5,5,0,4,0,0,5,1
3,0,2,2,0,2,0,0,0,3,0,2,2,0,2,0,0,0,1
6,1,2,2,1,6,1,0,3,4,1,6,6,1,5,1,0,4,1
4,1,6,6,1,5,1,0,4,4,1,6,6,1,5,1,0,4,1
1,1,7,7,0,5,0,0,1,8,1,7,7,0,9,0,0,3,1
6,1,2,2,0,7,0,0,2,4,1,0,0,0,5,0,0,1,1
2,2,4,4,0,5,0,0,5,2,2,4,4,0,5,0,0,5,1
0,1,1,1,0,1,0,0,100,0,1,1,1,0,1,0,0,100,1
0,1,12,12,0,3,0,0,1,1,1,8,8,1,2,0,0,3,1
8,1,0,0,0,9,0,0,1,8,1,0,0,0,9,0,0,1,1
3,1,2,2,0,4,1,0,1,3,1,2,2,0,4,1,0,1,1
0,3,9,9,0,3,0,0,16,11,0,11,11,2,11,1,0,5,1
34,1,105,105,5,44,0,0,17,4,1,10,10,1,4,0,0,9,1
3,2,8,8,1,6,0,0,5,3,2,8,8,1,6,0,0,5,1
6,1,8,8,1,7,0,1,9,6,1,8,8,1,7,0,1,9,1
6,0,2,2,0,8,0,0,1,5,0,28,28,0,7,0,0,5,1
19,1,19,19,4,10,0,0,14,4,1,10,10,2,18,0,0,5,1
34,1,105,105,5,44,0,0,17,6,1,2,2,0,8,0,0,1,1
2,1,8,8,1,4,0,0,9,5,3,0,0,0,9,0,1,1,1
0,3,18,18,0,4,0,0,11,7,1,2,2,1,9,0,1,3,1
5,1,4,4,1,15,0,0,4,6,1,12,12,2,8,0,0,9,1
3,2,8,8,1,7,0,0,6,3,2,8,8,1,7,0,0,6,1
8,1,10,10,1,21,0,0,3,12,1,37,37,4,22,0,0,18,1
1,2,2,2,0,3,0,0,1,1,0,1,1,0,1,0,1,1,1
1,1,0,0,0,2,0,0,2,1,1,0,0,0,2,0,0,2,1
3,2,8,8,1,7,0,0,6,3,2,8,8,1,7,0,0,6,1
9,2,30,30,1,18,1,1,8,8,2,37,37,1,15,1,1,10,1
3,1,1,1,1,5,0,0,3,1,1,12,12,1,3,0,0,6,1
4,2,9,9,1,7,1,0,11,4,2,9,9,1,7,1,0,11,1
6,1,12,12,6,7,0,0,13,6,1,12,12,6,7,0,0,13,1
5,1,19,19,0,8,0,0,4,2,1,1,1,0,5,0,0,1,1
16,5,22,22,4,22,1,0,9,33,2,29,29,3,21,0,2,25,1
8,2,15,15,4,10,0,0,15,8,2,15,15,4,10,0,0,15,1
1,0,9,9,0,2,1,0,13,1,0,9,9,0,2,1,0,13,1
4,1,2,2,2,18,0,0,4,8,1,13,13,2,18,0,0,5,1
0,0,1,1,0,2,0,0,1,1,0,4,4,1,6,0,0,3,1
0,3,1,1,0,3,0,0,5,0,3,1,1,0,3,0,0,5,1
3,1,7,7,1,4,0,0,3,4,1,22,22,0,8,0,0,1,1
3,2,1,1,0,5,0,1,1,3,2,1,1,0,5,0,1,1,1
3,2,8,8,1,7,0,0,6,3,2,8,8,1,7,0,0,6,1
7,1,11,11,3,8,0,1,9,7,1,11,11,3,8,0,1,9,1
4,1,13,13,2,5,0,0,11,4,1,13,13,2,5,0,0,11,1
11,1,43,43,4,13,0,0,21,11,1,43,43,4,13,0,0,21,1
0,0,6,6,0,0,0,0,8,1,0,0,0,0,1,0,0,1,1
0,0,0,0,1,5,0,2,3,0,0,0,0,1,5,0,2,3,1
1,0,7,7,2,1,0,1,5,1,0,7,7,2,1,0,1,5,1
4,1,5,5,1,8,1,0,5,4,1,5,5,1,8,1,0,5,1
5,0,3,3,0,7,0,0,1,5,0,1,1,0,7,0,0,0,1
13,1,19,19,4,14,0,0,9,13,1,19,19,4,14,0,0,9,1
3,1,22,22,0,4,0,0,9,0,1,0,0,0,1,0,0,6,1
1,0,2,2,1,1,0,2,2,1,0,6,6,2,1,0,1,7,1
0,1,1,1,0,1,0,0,99,0,1,1,1,0,1,0,0,99,1
1,2,5,5,0,4,0,0,5,1,2,5,5,0,4,0,0,5,1
0,0,2,2,0,0,0,2,1,1,0,6,6,2,1,0,1,7,1
0,3,9,9,0,3,0,0,16,0,3,3,3,1,4,0,0,8,1
2,1,3,3,0,3,0,0,5,2,1,3,3,0,3,0,0,5,1
4,1,1,1,0,5,0,1,1,9,1,6,6,1,10,1,0,3,1
6,0,4,4,0,7,0,0,0,6,0,4,4,0,7,0,0,0,1
11,1,11,11,2,12,0,1,11,11,1,11,11,2,12,0,1,11,1
11,1,11,11,2,12,0,1,11,11,1,11,11,2,12,0,1,11,1
6,0,7,7,0,7,0,0,2,6,0,7,7,0,7,0,0,2,1
2,1,0,0,0,3,0,1,1,2,1,0,0,0,3,0,1,1,1
2,1,0,0,1,8,0,0,2,4,1,0,0,1,10,1,0,2,1
0,3,3,3,1,4,0,0,8,5,5,9,9,2,12,0,0,15,1
7,1,6,6,0,8,0,1,7,7,1,0,0,0,8,1,0,1,1
0,0,4,4,0,0,0,2,1,0,0,4,4,0,0,0,2,1,1
1,0,6,6,2,1,0,1,7,1,0,6,6,2,1,0,1,7,1
0,1,1,1,0,1,0,0,99,1,1,6,6,1,3,0,0,7,1
2,1,0,0,0,3,0,0,1,2,1,0,0,0,3,0,0,1,1
33,2,29,29,3,21,0,2,25,5,0,28,28,0,7,0,0,5,1
14,3,8,8,0,20,0,1,5,0,3,3,3,0,4,0,1,3,1
15,1,5,5,1,21,0,1,5,15,1,5,5,1,21,0,1,5,1
1,0,7,7,2,1,0,1,5,1,0,7,7,2,1,0,1,5,1
0,6,1,1,0,10,3,0,3,0,6,1,1,0,10,3,0,3,1
0,0,0,0,1,5,0,2,3,1,1,10,10,0,6,0,0,1,1
5,1,0,0,0,6,0,2,1,5,1,0,0,0,6,0,2,1,1
2,1,0,0,0,7,1,0,1,2,1,0,0,0,7,1,0,1,1
7,1,11,11,3,8,0,1,9,7,1,11,11,3,8,0,1,9,1
3,2,1,1,0,5,0,1,1,3,2,1,1,0,5,0,1,1,1
3,2,8,8,1,7,0,0,6,3,2,8,8,1,7,0,0,6,1
0,3,1,1,0,3,0,0,5,2,0,0,0,0,4,0,0,0,1
0,1,7,7,1,2,0,0,5,0,1,6,6,1,2,0,0,5,1
0,2,22,22,2,4,0,0,11,7,1,29,29,3,9,0,0,11,1
8,1,18,18,2,10,1,0,5,7,1,15,15,0,10,1,0,1,1
1,0,9,9,0,2,1,0,13,1,0,9,9,0,2,1,0,13,1
8,2,15,15,4,10,0,0,15,8,2,15,15,4,10,0,0,15,1
5,0,28,28,0,7,0,0,5,5,0,28,28,0,7,0,0,5,1
8,2,15,15,4,10,0,0,15,8,2,15,15,4,10,0,0,15,1
5,0,28,28,0,7,0,0,5,6,1,12,12,6,7,0,0,13,1
4,1,2,2,1,17,0,0,3,4,1,2,2,1,17,0,0,3,1
3,0,5,5,0,3,0,0,1,6,0,13,13,0,6,0,1,1,1
1,1,12,12,1,3,0,0,6,1,1,12,12,1,3,0,0,6,1
3,2,8,8,1,7,0,0,6,3,2,8,8,1,7,0,0,6,1
0,10,3,3,0,12,0,0,4,4,1,24,24,1,9,0,0,7,1
3,1,7,7,1,4,0,0,3,3,1,7,7,1,4,0,0,3,1
4,1,14,14,2,5,0,0,7,4,1,14,14,2,5,0,0,7,1
3,0,5,5,0,3,0,0,1,3,0,5,5,0,3,0,0,1,1
6,1,5,5,1,14,0,0,4,6,1,5,5,1,14,0,0,4,1
6,2,8,8,1,7,0,0,10,0,1,1,1,0,1,0,0,99,1
0,2,0,0,0,3,0,0,3,1,1,3,3,1,3,0,0,3,1
4,1,10,10,1,4,0,0,9,4,1,10,10,1,4,0,0,9,1
4,1,3,3,1,13,1,0,3,11,1,44,44,4,13,0,0,21,1
0,3,18,18,0,4,0,0,11,0,3,18,18,0,4,0,0,11,1
4,1,3,3,1,7,1,0,3,3,0,2,2,1,3,0,1,6,1
1,1,12,12,0,5,0,0,15,1,1,12,12,0,5,0,0,15,1
6,0,2,2,0,8,0,0,1,5,0,1,1,0,7,0,0,0,1
0,0,4,4,0,0,0,2,1,0,0,4,4,0,0,0,2,1,1
1,2,5,5,0,4,0,0,5,1,2,5,5,0,4,0,0,5,1
6,2,8,8,1,7,0,0,10,1,1,6,6,1,3,0,0,7,1
1,0,2,2,1,1,0,2,2,1,0,2,2,1,1,0,2,2,1
5,1,8,8,2,6,0,0,4,5,1,8,8,2,6,0,0,4,1
5,1,0,0,0,7,1,0,1,5,1,0,0,0,7,1,0,1,1
0,3,9,9,0,3,0,0,16,0,3,9,9,0,3,0,0,16,1
0,2,2,2,1,2,0,0,4,0,2,2,2,1,2,0,0,4,1
5,1,0,0,0,12,0,0,1,11,1,11,11,2,12,0,1,11,1
1,2,0,0,0,3,0,0,3,1,2,0,0,0,3,0,0,3,1
0,1,34,34,0,16,0,0,8,0,1,34,34,0,16,0,0,8,1
3,2,19,19,1,4,0,0,15,3,2,19,19,1,4,0,0,15,1
6,2,0,0,0,10,1,0,2,6,2,0,0,0,10,1,0,2,1
11,1,11,11,2,12,0,1,11,11,1,11,11,2,12,0,1,11,1
0,3,3,3,1,4,0,0,8,0,3,9,9,0,3,0,0,16,1
2,1,0,0,0,3,0,1,1,0,1,1,1,0,2,0,0,5,1
5,1,0,0,0,7,1,0,1,5,1,0,0,0,7,1,0,1,1
6,2,8,8,1,7,0,0,10,0,1,1,1,0,1,0,0,100,1
1,0,2,2,1,1,0,2,2,1,0,2,2,1,1,0,2,2,1
0,0,4,4,0,0,0,2,1,0,0,4,4,0,0,0,2,1,1
1,2,5,5,0,4,0,0,5,0,0,1,1,0,0,0,0,1,1
3,2,0,0,0,5,0,0,2,3,2,0,0,0,5,0,0,2,1
1,1,8,8,1,2,0,0,3,0,1,0,0,0,1,0,0,6,1
5,1,2,2,1,10,1,0,3,4,1,3,3,1,7,1,0,3,1
4,1,3,3,1,13,1,0,3,4,1,3,3,1,13,1,0,3,1
6,1,0,0,0,7,0,0,1,12,1,0,0,0,13,0,0,1,1
1,1,10,10,0,6,0,0,1,0,2,0,0,0,3,0,0,3,1
6,2,8,8,1,7,0,0,10,6,2,8,8,1,7,0,0,10,1
6,1,5,5,1,14,0,0,4,2,0,1,1,1,3,0,0,2,1
3,0,5,5,0,3,0,0,1,3,0,5,5,0,3,0,0,1,1
4,1,0,0,0,5,0,0,2,3,1,7,7,1,4,0,0,3,1
4,1,14,14,2,6,0,0,6,4,1,14,14,2,5,0,0,7,1
3,2,8,8,1,7,0,0,6,3,2,8,8,1,7,0,0,6,1
0,5,3,3,0,9,0,0,2,0,10,3,3,0,12,0,0,4,1
8,1,18,18,2,10,1,0,5,8,1,6,6,0,14,1,0,1,1
6,3,1,1,1,7,0,0,5,6,3,1,1,1,7,0,0,5,1
4,1,2,2,1,17,0,0,3,4,1,2,2,1,17,0,0,3,1
5,0,28,28,0,7,0,0,5,5,0,28,28,0,7,0,0,5,1
8,2,15,15,4,10,0,0,15,8,2,15,15,4,10,0,0,15,1
0,1,2,2,0,1,0,0,2,0,1,2,2,0,1,0,0,3,1
2,0,17,17,1,2,1,0,12,1,0,9,9,0,2,1,0,13,1
5,2,12,12,4,15,0,0,11,5,2,12,12,4,15,0,0,11,1
4,1,2,2,1,17,0,0,3,4,1,2,2,1,17,0,0,3,1
8,1,13,13,2,18,0,0,5,8,1,13,13,2,18,0,0,5,1
4,1,0,0,0,5,0,0,2,4,1,0,0,0,5,0,0,2,1
0,0,0,0,0,0,1,2,1,4,1,0,0,0,5,0,0,2,1
7,1,11,11,3,8,0,1,9,7,1,11,11,3,8,0,1,9,1
3,2,8,8,1,7,0,0,6,3,2,8,8,1,7,0,0,6,1
5,1,4,4,1,6,1,0,4,0,0,2,2,0,0,0,0,4,1
10,1,0,0,3,21,0,0,6,10,1,0,0,3,21,0,0,6,1
5,9,29,29,0,18,0,0,5,5,9,29,29,0,18,0,0,5,1
2,1,2,2,0,3,0,1,1,15,1,5,5,0,4,1,0,1,1
11,1,14,14,3,7,0,0,9,5,0,28,28,0,7,0,0,5,1
2,1,0,0,0,3,0,0,1,0,1,1,1,0,1,0,0,99,1
5,1,2,2,1,10,1,0,3,5,1,2,2,1,10,1,0,3,1
4,1,14,14,1,5,0,0,5,4,1,14,14,1,5,0,0,5,1
1,0,7,7,2,1,0,1,5,1,0,7,7,2,1,0,1,5,1
3,1,14,14,0,4,0,0,3,35,1,17,17,4,11,0,0,7,1
4,0,6,6,0,4,0,0,0,4,0,6,6,0,4,0,0,0,1
2,1,4,4,1,11,0,0,8,2,1,4,4,1,11,0,0,8,1
7,1,26,26,2,6,0,0,7,7,1,26,26,2,6,0,0,7,1
6,1,2,2,0,8,0,0,1,34,1,105,105,5,44,0,0,17,1
8,1,0,0,0,9,1,0,1,16,1,29,29,2,27,1,0,7,1
0,1,4,4,1,3,0,1,3,0,1,4,4,1,3,0,1,3,1
2,1,3,3,0,3,0,0,5,2,1,3,3,0,3,0,0,5,1
1,0,0,0,0,1,0,0,1,3,0,7,7,1,3,0,0,3,1
3,1,12,12,3,4,0,0,9,3,1,12,12,3,4,0,0,9,1
1,2,2,2,0,6,0,0,4,6,1,0,0,0,12,0,0,2,1
7,1,4,4,1,13,0,0,8,7,1,4,4,1,13,0,0,8,1
1,0,6,6,2,1,0,1,7,1,0,6,6,2,1,0,1,7,1
11,1,11,11,2,12,0,1,11,11,1,11,11,2,12,0,1,11,1
11,1,11,11,2,12,0,1,11,11,1,11,11,2,12,0,1,11,1
2,2,1,1,0,4,0,0,2,2,2,1,1,0,4,0,0,2,1
7,1,4,4,1,13,0,0,8,7,1,4,4,1,13,0,0,8,1
6,1,0,0,0,12,0,0,2,6,1,0,0,0,12,0,0,2,1
2,1,0,0,0,3,0,0,1,0,2,2,2,1,2,0,0,4,1
1,1,3,3,1,2,0,0,3,3,1,12,12,3,4,0,0,9,1
3,1,4,4,1,4,0,0,3,3,1,4,4,1,4,0,0,3,1
1,1,1,1,0,2,0,0,2,1,1,1,1,0,2,0,0,2,1
6,1,7,7,0,7,0,1,7,16,1,29,29,2,27,1,0,7,1
6,1,2,2,0,8,0,0,1,35,1,105,105,5,45,0,0,17,1
0,1,9,9,0,9,0,0,2,7,1,1,1,0,15,0,0,1,1
0,1,7,7,0,1,0,0,7,0,1,7,7,0,1,0,0,7,1
2,1,7,7,1,3,0,0,3,12,1,45,45,1,6,0,0,12,1
2,0,15,15,4,8,0,2,11,1,0,7,7,2,1,0,1,5,1
3,1,14,14,0,4,0,0,3,0,1,30,30,0,1,0,0,1,1
2,1,6,6,2,4,0,0,7,5,1,2,2,1,10,1,0,3,1
6,1,4,4,2,21,0,0,5,6,1,4,4,2,21,0,0,5,1
2,1,0,0,0,3,0,0,1,2,1,0,0,0,3,0,0,1,1
2,1,0,0,0,7,1,0,1,15,1,5,5,0,4,1,0,1,1
4,0,2,2,0,6,0,0,0,4,0,2,2,0,6,0,0,0,1
1,0,0,0,0,2,0,0,0,3,0,0,0,0,4,0,0,0,1
3,2,8,8,1,7,0,0,6,3,2,8,8,1,7,0,0,6,1
7,1,6,6,0,13,0,1,1,5,1,4,4,1,6,1,0,4,1
4,3,3,3,0,8,1,0,3,4,3,3,3,0,8,1,0,3,1
7,1,11,11,3,8,0,1,9,7,1,11,11,3,8,0,1,9,1
3,2,1,1,0,5,0,1,1,4,1,0,0,0,5,0,0,2,1
5,1,18,18,0,6,0,0,1,7,1,3,3,0,8,1,0,1,1
0,1,1,1,0,1,0,0,100,0,1,1,1,0,1,0,0,100,1
4,1,2,2,1,17,0,0,3,4,1,2,2,1,17,0,0,3,1
2,0,14,14,1,2,1,0,10,2,0,17,17,1,2,1,0,12,1
2,2,17,17,2,5,0,0,9,2,2,17,17,2,5,0,0,9,1
8,2,15,15,4,10,0,0,15,8,2,15,15,4,10,0,0,15,1
2,0,37,37,0,5,0,0,2,3,0,8,8,1,4,0,0,4,1
5,1,9,9,3,8,0,0,11,3,2,0,0,0,5,0,0,2,1
0,1,1,1,0,1,0,0,100,0,1,1,1,0,1,0,0,100,1
4,1,2,2,1,17,0,0,3,4,1,2,2,1,17,0,0,3,1
4,0,0,0,0,4,0,0,0,4,0,14,14,1,4,0,0,8,1
0,0,2,2,0,0,0,0,4,0,0,2,2,0,0,0,0,4,1
7,1,11,11,3,8,0,1,9,7,1,11,11,3,8,0,1,9,1
7,1,11,11,3,8,0,1,9,7,1,11,11,3,8,0,1,9,1
6,0,10,10,2,6,0,0,5,6,0,10,10,2,6,0,0,5,1
4,1,15,15,2,5,0,0,13,4,1,13,13,2,5,0,0,11,1
6,1,5,5,1,14,0,0,4,6,1,5,5,1,14,0,0,4,1
1,1,3,3,1,3,0,0,3,0,2,0,0,0,3,0,0,3,1
2,1,0,0,0,3,0,0,1,1,1,6,6,1,3,0,0,7,1
4,1,28,28,0,7,0,0,5,5,1,25,25,0,8,0,0,3,1
0,1,30,30,0,1,0,0,1,35,1,17,17,4,11,0,0,7,1
1,1,7,7,1,2,0,0,5,1,1,7,7,1,2,0,0,5,1
4,1,14,14,1,5,0,0,5,5,1,23,23,2,6,1,1,17,1
6,1,12,12,2,16,1,0,12,3,1,3,3,1,6,1,0,3,1
1,1,4,4,1,6,0,0,11,1,1,4,4,1,6,0,0,11,1
3,1,7,7,1,4,0,0,3,4,1,8,8,1,6,0,0,3,1
34,1,109,109,5,44,0,0,17,6,1,2,2,0,8,0,0,1,1
7,1,3,3,0,9,0,0,1,7,1,3,3,0,9,0,0,1,1
0,1,20,20,0,1,0,0,12,0,1,20,20,0,1,0,0,12,1
0,0,2,2,0,0,0,2,1,1,0,6,6,2,1,0,1,7,1
0,1,1,1,0,2,0,1,1,5,1,0,0,0,7,1,0,1,1
5,1,8,8,2,6,0,0,4,5,1,8,8,2,6,0,0,4,1
2,1,11,11,0,6,0,0,3,2,1,23,23,0,6,0,0,5,1
2,1,0,0,0,3,0,0,1,1,1,2,2,0,2,0,0,2,1
2,1,5,5,0,3,0,0,6,2,1,5,5,0,3,0,0,6,1
3,2,2,2,1,17,0,0,4,0,2,2,2,1,2,0,0,4,1
5,1,8,8,1,6,0,0,5,4,1,6,6,1,5,0,0,7,1
1,1,2,2,0,2,1,3,3,13,2,26,26,4,15,1,4,28,1
7,1,4,4,1,13,0,0,8,7,1,4,4,1,13,0,0,8,1
7,1,4,4,1,13,0,0,8,7,1,4,4,1,13,0,0,8,1
2,2,1,1,0,4,0,0,2,2,2,1,1,0,4,0,0,2,1
4,1,6,6,1,5,0,0,4,5,1,8,8,1,6,0,0,5,1
1,1,2,2,0,2,0,0,2,1,1,1,1,0,2,0,0,2,1
4,1,0,0,0,5,0,0,1,4,1,0,0,0,5,0,0,1,1
5,1,0,0,0,7,1,0,1,5,1,0,0,0,7,1,0,1,1
5,1,8,8,2,6,0,0,4,5,1,8,8,2,6,0,0,4,1
0,0,4,4,0,0,0,2,1,1,0,6,6,2,1,0,1,7,1
0,1,14,14,0,1,0,0,12,0,1,14,14,0,1,0,0,12,1
34,1,105,105,5,44,0,0,17,34,1,105,105,5,44,0,0,17,1
10,0,6,6,0,11,0,0,1,10,0,6,6,0,11,0,0,1,1
1,0,1,1,0,2,0,0,0,4,1,8,8,1,6,0,0,3,1
1,1,4,4,1,6,0,0,11,1,1,4,4,1,6,0,0,11,1
0,3,4,4,0,3,1,0,6,6,1,4,4,2,21,0,0,5,1
5,1,2,2,1,10,1,0,3,5,1,2,2,1,10,1,0,3,1
1,0,1,1,0,2,0,0,0,1,0,4,4,0,2,0,0,0,1
1,1,7,7,1,2,0,0,5,1,1,7,7,1,2,0,0,5,1
5,0,28,28,0,7,0,0,5,5,0,28,28,0,7,0,0,5,1
2,1,0,0,0,3,0,0,1,0,1,1,1,0,1,0,0,100,1
0,2,0,0,0,3,0,0,3,1,1,2,2,1,3,0,0,3,1
6,1,5,5,1,14,0,0,4,6,1,5,5,1,14,0,0,4,1
3,1,4,4,0,4,1,0,1,7,1,0,0,0,19,2,2,2,1
7,1,11,11,3,8,0,1,9,7,1,11,11,3,8,0,1,9,1
0,0,2,2,0,0,0,0,4,1,0,0,0,0,1,0,0,0,1
3,2,8,8,1,7,0,0,6,3,2,8,8,1,7,0,0,6,1
8,1,11,11,0,13,0,0,1,5,1,17,17,0,6,0,0,1,1
4,1,2,2,1,17,0,0,3,4,1,2,2,1,17,0,0,3,1
0,1,1,1,0,1,0,0,100,0,1,1,1,0,1,0,0,100,1
10,1,14,14,4,12,0,0,10,10,1,14,14,4,12,0,0,10,1
4,0,2,2,0,4,0,0,0,4,0,2,2,0,4,0,0,0,1
8,2,15,15,4,10,0,0,15,8,2,15,15,4,10,0,0,15,1
5,1,6,6,0,6,0,0,1,5,1,6,6,0,6,0,0,1,1
0,3,0,0,1,4,0,0,2,5,1,16,16,0,8,0,0,4,1
5,1,9,9,3,8,0,0,11,5,1,9,9,3,8,0,0,11,1
0,1,1,1,0,1,0,0,100,3,0,0,0,0,3,0,0,0,1
1,1,7,7,0,4,0,1,6,1,1,7,7,0,4,0,1,6,1
3,2,8,8,1,7,0,0,6,3,2,8,8,1,7,0,0,6,1
5,1,10,10,1,16,0,0,13,5,1,10,10,1,16,0,0,13,1
2,1,10,10,2,5,0,0,5,2,1,10,10,2,5,0,0,5,1
7,1,11,11,3,8,0,1,9,7,1,11,11,3,8,0,1,9,1
1,2,6,6,0,3,0,0,10,1,1,0,0,0,2,0,0,2,1
4,1,15,15,2,5,0,0,13,4,1,15,15,2,5,0,0,13,1
2,1,3,3,0,4,0,0,2,2,1,3,3,0,4,0,0,2,1
1,0,8,8,0,2,0,0,0,4,0,4,4,0,5,0,0,1,1
2,1,8,8,2,3,0,0,7,2,1,6,6,2,4,0,0,7,1
5,1,23,23,2,6,1,1,17,5,1,4,4,1,15,0,0,4,1
6,0,13,13,0,6,0,1,1,1,1,6,6,1,3,0,0,7,1
2,1,0,0,0,3,0,0,1,2,1,0,0,0,3,0,0,1,1
19,1,19,19,4,10,0,0,14,19,1,19,19,4,10,0,0,14,1
6,1,2,2,0,8,0,0,1,35,1,105,105,5,45,0,0,17,1
4,1,0,0,0,5,0,0,3,4,1,0,0,0,5,0,0,3,1
3,1,5,5,4,27,0,0,12,3,1,6,6,0,4,0,0,5,1
3,1,7,7,1,4,0,0,3,3,1,7,7,1,4,0,0,3,1
7,1,5,5,0,8,1,0,2,4,1,0,0,0,8,1,0,2,1
1,0,1,1,0,2,0,0,1,1,0,1,1,0,2,0,0,1,1
1,1,3,3,1,2,0,0,3,1,1,3,3,1,2,0,0,3,1
2,3,3,3,0,5,0,0,5,2,3,3,3,0,5,0,0,5,1
3,1,3,3,0,4,0,0,3,4,1,1,1,0,6,0,2,1,1
2,1,0,0,0,3,0,0,1,2,1,0,0,0,3,0,0,1,1
1,0,6,6,2,1,0,1,7,1,0,6,6,2,1,0,1,7,1
5,1,10,10,1,7,0,0,4,4,1,2,2,0,7,0,0,1,1
5,1,0,0,0,8,1,1,2,7,1,4,4,1,13,0,0,8,1
5,0,4,4,0,6,0,0,0,8,3,22,22,1,19,0,0,11,1
2,5,7,7,1,11,0,0,15,2,5,7,7,1,11,0,0,15,1
2,5,7,7,1,11,0,0,15,0,3,3,3,1,4,0,0,8,1
9,1,3,3,2,23,1,0,4,9,1,3,3,2,23,1,0,4,1
7,1,4,4,1,13,0,0,8,7,1,4,4,1,13,0,0,8,1
4,1,2,2,0,7,0,0,1,2,0,4,4,1,2,0,1,3,1
1,0,6,6,2,1,0,1,7,1,0,6,6,2,1,0,1,7,1
1,3,1,1,0,4,0,0,4,2,3,3,3,0,5,0,0,5,1
8,1,0,0,0,9,0,0,1,8,1,0,0,0,9,0,0,1,1
3,1,3,3,0,4,0,0,3,3,1,2,2,0,4,1,0,1,1
1,0,0,0,0,1,0,0,1,1,0,1,1,0,2,0,0,1,1
4,1,8,8,1,5,0,2,9,4,1,8,8,1,5,0,2,9,1
0,1,30,30,0,1,0,0,1,0,1,30,30,0,1,0,0,1,1
6,1,8,8,1,7,0,0,9,7,1,3,3,0,8,0,0,5,1
0,0,2,2,2,0,0,1,3,0,0,2,2,2,0,0,1,3,1
2,4,16,16,1,8,0,0,9,2,4,16,16,1,8,0,0,9,1
35,1,105,105,5,45,0,0,17,34,1,109,109,5,44,0,0,17,1
6,1,23,23,1,4,0,0,11,6,1,23,23,1,4,0,0,11,1
2,1,4,4,1,4,0,0,3,2,1,0,0,0,3,0,0,1,1
2,1,0,0,0,3,0,0,1,6,2,8,8,1,7,0,0,10,1
3,1,6,6,2,5,0,0,7,2,1,8,8,2,3,0,0,7,1
4,1,14,14,1,5,0,0,5,5,1,23,23,2,6,1,1,17,1
1,1,2,2,1,3,0,0,3,1,1,2,2,1,3,0,0,3,1
1,0,6,6,0,2,0,0,0,1,0,4,4,0,2,0,0,0,1
10,1,0,0,3,21,0,0,6,10,1,0,0,3,21,0,0,6,1
4,1,13,13,2,5,0,0,11,4,1,13,13,2,5,0,0,11,1
3,1,5,5,0,6,0,4,3,3,1,5,5,0,6,0,4,3,1
0,0,6,6,0,2,0,0,2,7,0,4,4,0,8,0,0,0,1
7,1,11,11,3,8,0,1,9,7,1,11,11,3,8,0,1,9,1
3,2,8,8,1,7,0,0,6,3,2,8,8,1,7,0,0,6,1
0,1,20,20,0,1,0,2,7,0,0,20,20,0,0,0,1,3,1
1,1,6,6,0,3,0,1,6,1,1,6,6,0,3,0,1,6,1
3,0,0,0,0,3,0,0,0,3,0,0,0,0,3,0,0,0,1
5,1,9,9,3,8,0,0,11,5,1,9,9,3,8,0,0,11,1
0,1,2,2,0,1,0,0,3,0,1,2,2,0,1,0,0,3,1
7,0,7,7,2,7,0,1,6,7,0,7,7,2,7,0,1,6,1
0,3,0,0,1,4,0,0,2,10,1,16,16,0,12,0,0,1,1
5,1,6,6,0,6,0,0,1,2,3,0,0,0,6,1,0,2,1
1,1,1,1,0,2,0,0,2,1,1,1,1,0,2,0,0,2,1
0,1,1,1,0,1,0,0,100,0,1,1,1,0,1,0,0,100,1
7,1,11,11,3,8,0,1,9,7,1,11,11,3,8,0,1,9,1
6,0,4,4,0,7,0,0,0,0,0,6,6,0,2,0,0,2,1
2,0,2,2,1,2,0,1,3,2,0,2,2,1,2,0,1,3,1
3,2,8,8,1,7,0,0,6,3,2,8,8,1,7,0,0,6,1
2,2,13,13,1,6,0,0,9,2,2,13,13,1,6,0,0,9,1
1,0,17,17,0,1,0,0,17,1,0,17,17,0,1,0,0,17,1
4,1,15,15,2,5,0,0,13,4,1,15,15,2,5,0,0,13,1
5,1,4,4,1,15,0,0,4,5,1,4,4,1,15,0,0,4,1
1,0,4,4,0,2,0,0,0,1,0,4,4,0,2,0,0,0,1
1,0,4,4,0,2,0,0,0,4,0,4,4,0,5,0,0,1,1
0,0,0,0,1,1,0,0,3,2,0,2,2,1,3,0,1,3,1
1,1,0,0,0,2,0,0,1,1,1,0,0,0,2,0,0,1,1
34,1,109,109,5,44,0,0,17,6,1,2,2,0,8,0,0,1,1
2,1,6,6,1,5,0,0,3,0,1,1,1,0,1,0,0,100,1
2,0,0,0,0,4,0,0,3,6,1,23,23,4,7,0,0,9,1
34,1,105,105,5,44,0,0,17,6,1,2,2,0,8,0,0,1,1
2,1,8,8,1,4,0,0,9,2,1,8,8,1,4,0,0,9,1
2,1,0,0,0,3,0,0,1,2,1,0,0,0,3,0,0,1,1
4,1,0,0,0,5,0,0,1,6,1,0,0,0,7,0,0,1,1
2,2,7,7,0,5,0,0,7,2,2,7,7,0,5,0,0,7,1
8,1,0,0,0,9,0,0,1,8,1,0,0,0,9,0,0,1,1
1,0,0,0,0,1,0,1,1,1,0,0,0,0,1,0,1,1,1
10,0,6,6,0,11,0,0,1,10,0,6,6,0,11,0,0,1,1
1,1,6,6,0,3,0,0,1,8,1,7,7,0,9,0,0,3,1
5,1,10,10,1,7,0,0,4,5,1,10,10,1,7,0,0,4,1
4,1,6,6,1,5,0,0,7,4,1,6,6,1,5,0,0,7,1
1,1,7,7,0,3,0,0,6,1,1,7,7,1,3,0,0,7,1
0,2,4,4,0,6,0,0,1,0,2,4,4,0,6,0,0,1,1
4,1,6,6,1,5,0,0,7,4,1,6,6,1,5,0,0,7,1
13,2,26,26,4,15,1,4,28,5,1,10,10,1,7,0,0,4,1
6,1,11,11,0,12,0,0,1,8,1,8,8,0,9,0,0,3,1
10,0,6,6,0,11,0,0,1,10,0,6,6,0,11,0,0,1,1
1,0,0,0,0,1,0,1,1,1,0,0,0,0,1,0,1,1,1
2,1,2,2,1,5,0,0,7,4,1,8,8,1,5,0,2,9,1
8,1,0,0,0,9,0,0,1,8,1,0,0,0,9,0,0,1,1
2,1,0,0,0,3,0,0,1,2,1,0,0,0,3,0,0,1,1
6,1,0,0,0,7,0,0,1,6,1,0,0,0,7,0,0,1,1
2,0,2,2,1,2,0,1,3,2,0,2,2,1,2,0,1,3,1
2,1,7,7,1,4,0,0,7,4,1,10,10,1,4,0,0,9,1
34,1,109,109,5,44,0,0,17,6,1,2,2,0,8,0,0,1,1
0,0,2,2,2,0,0,1,3,2,0,0,0,0,4,0,0,3,1
34,1,109,109,5,44,0,0,17,6,1,2,2,0,8,0,0,1,1
2,1,4,4,1,4,0,0,3,2,1,4,4,1,4,0,0,3,1
0,1,34,34,0,16,0,0,8,3,2,19,19,1,4,0,0,15,1
1,0,4,4,0,2,0,0,0,6,0,7,7,0,6,0,0,0,1
2,0,2,2,1,3,0,1,3,46,1,19,19,3,8,0,0,5,1
5,1,4,4,1,15,0,0,4,5,1,4,4,1,15,0,0,4,1
4,1,0,0,0,8,1,0,2,6,0,6,6,0,6,0,0,0,1
4,1,13,13,2,5,0,0,11,4,1,13,13,2,5,0,0,11,1
5,1,17,17,0,6,0,0,1,5,1,17,17,0,6,0,0,1,1
3,0,7,7,1,11,0,0,10,2,0,10,10,3,7,0,0,10,1
2,0,2,2,1,2,0,1,3,0,1,20,20,0,1,0,2,7,1
3,2,8,8,1,7,0,0,6,3,2,8,8,1,7,0,0,6,1
7,1,11,11,3,8,0,1,9,7,1,11,11,3,8,0,1,9,1
6,0,4,4,0,7,0,0,0,6,0,4,4,0,7,0,0,0,1
0,1,1,1,0,1,0,0,100,0,1,1,1,0,1,0,0,100,1
5,1,8,8,2,6,0,0,4,3,1,2,2,1,4,0,0,4,1
1,0,1,1,1,2,0,0,1,1,0,1,1,1,2,0,0,1,1
5,1,19,19,0,8,0,0,4,5,1,19,19,0,8,0,0,4,1
5,1,2,2,1,6,0,0,3,5,1,2,2,1,6,0,0,3,1
2,0,2,2,0,3,0,0,0,0,0,2,2,0,1,0,0,2,1
1,4,3,3,0,6,0,0,11,3,4,6,6,3,11,0,0,8,1
7,0,4,4,0,4,0,0,0,2,1,10,10,1,3,1,0,3,1
3,4,6,6,3,10,0,0,8,0,5,0,0,0,6,0,0,1,1
3,4,6,6,3,10,0,0,8,3,4,6,6,3,10,0,0,8,1
7,1,17,17,2,7,0,0,6,4,1,6,6,1,5,0,1,4,1
6,0,12,12,2,13,0,0,3,6,0,12,12,2,13,0,0,3,1
7,1,2,2,0,9,0,0,1,7,1,2,2,0,9,0,0,1,1
7,1,11,11,3,8,0,1,9,7,1,11,11,3,8,0,1,9,1
3,1,3,3,2,8,0,0,6,0,1,0,0,0,5,0,0,4,1
3,2,12,12,3,18,0,0,12,0,1,7,7,0,1,0,0,7,1
7,1,11,11,3,8,0,1,9,7,1,11,11,3,8,0,1,9,1
8,1,18,18,1,10,0,0,11,8,1,18,18,1,10,0,0,11,1
6,1,11,11,0,7,1,0,4,6,1,11,11,0,7,1,0,4,1
8,6,15,15,0,18,3,0,3,3,3,15,15,2,7,0,0,13,1
1,0,0,0,0,1,0,1,1,1,0,0,0,0,1,0,1,1,1
33,1,17,17,4,11,0,0,7,0,1,30,30,0,1,0,0,1,1
1,0,6,6,0,2,0,0,0,4,0,4,4,0,5,0,0,1,1
4,1,4,4,1,15,0,0,4,4,1,4,4,1,15,0,0,4,1
1,3,0,0,1,5,1,1,2,1,3,0,0,1,5,1,1,2,1
6,1,4,4,2,21,0,0,5,6,1,4,4,2,21,0,0,5,1
8,1,8,8,3,18,0,1,8,8,1,8,8,3,18,0,1,8,1
4,3,11,11,3,7,0,0,11,27,3,4,4,3,32,0,0,5,1
4,1,14,14,2,6,0,0,7,3,1,3,3,1,9,0,0,3,1
2,1,4,4,1,4,1,0,3,2,1,6,6,1,5,1,0,3,1
4,1,1,1,1,6,0,0,2,4,1,1,1,1,6,0,0,2,1
1,3,26,26,3,5,0,0,17,1,3,26,26,3,5,0,0,17,1
19,1,22,22,5,11,0,0,13,13,1,30,30,6,32,0,0,13,1
9,2,2,2,0,10,0,1,1,9,2,2,2,0,10,0,1,1,1
4,1,3,3,1,5,0,0,6,2,1,3,3,1,4,0,0,7,1
4,1,0,0,0,7,0,1,2,4,1,0,0,0,7,0,1,2,1
1,0,0,0,0,1,0,1,1,0,0,8,8,1,1,0,1,2,1
1,0,0,0,0,1,0,1,1,1,0,3,3,0,1,0,1,1,1
1,0,3,3,0,1,0,1,1,1,0,3,3,0,1,0,1,1,1
3,1,2,2,2,10,0,0,4,13,1,2,2,1,9,0,0,3,1
9,2,4,4,0,12,0,1,3,9,2,2,2,0,10,0,1,1,1
1,3,26,26,3,5,0,0,17,1,3,26,26,3,5,0,0,17,1
4,1,10,10,2,7,0,0,5,4,1,10,10,2,7,0,0,5,1
5,2,4,4,0,8,0,0,9,5,2,4,4,0,8,0,0,9,1
2,1,3,3,0,3,0,0,1,1,1,2,2,0,2,0,0,2,1
4,1,14,14,2,6,0,0,7,3,1,3,3,1,9,0,0,3,1
3,1,12,12,3,5,0,0,8,4,3,11,11,3,7,0,0,11,1
8,1,8,8,3,18,0,1,8,8,1,8,8,3,18,0,1,8,1
1,0,0,0,0,1,0,1,1,4,1,7,7,1,5,0,0,3,1
4,2,3,3,0,7,0,0,3,5,1,16,16,1,3,0,0,3,1
4,0,4,4,0,5,0,0,1,6,0,6,6,0,6,0,0,0,1
4,1,4,4,1,15,0,0,4,4,1,4,4,1,15,0,0,4,1
4,1,7,7,1,5,0,0,3,3,3,5,5,0,6,0,0,7,1
4,1,21,21,1,7,0,0,11,4,1,21,21,1,7,0,0,11,1
3,3,15,15,2,7,0,0,13,1,0,3,3,2,1,0,1,4,1
6,1,11,11,0,7,1,0,4,6,1,11,11,0,7,1,0,4,1
4,1,2,2,1,5,0,0,3,4,1,3,3,0,6,0,0,1,1
0,1,7,7,0,1,0,0,7,3,1,1,1,0,4,0,1,4,1
7,1,11,11,3,8,0,1,9,7,1,11,11,3,8,0,1,9,1
7,1,11,11,3,8,0,1,9,7,1,11,11,3,8,0,1,9,1
35,2,9,9,3,17,0,0,13,4,2,17,17,3,7,0,0,13,1
7,1,2,2,0,9,0,0,1,7,1,2,2,0,9,0,0,1,1
6,0,12,12,2,13,0,0,3,6,0,12,12,2,13,0,0,3,1
3,1,10,10,2,4,0,0,9,7,1,17,17,2,7,0,0,6,1
3,4,6,6,3,10,0,0,8,0,3,0,0,0,3,0,0,1,1
3,4,6,6,3,10,0,0,8,1,4,3,3,0,6,0,0,11,1
2,1,10,10,1,3,1,0,3,2,1,10,10,1,3,1,0,3,1
1,4,3,3,0,7,0,0,11,1,4,3,3,0,7,0,0,11,1
22,1,0,0,0,7,0,0,1,22,1,0,0,0,7,0,0,1,1
5,1,2,2,1,6,0,0,3,5,1,2,2,1,6,0,0,3,1
3,1,0,0,0,12,1,0,1,3,1,0,0,0,12,1,0,1,1
0,1,7,7,0,2,0,0,3,2,2,10,10,0,5,0,0,3,1
3,4,7,7,3,10,0,0,8,1,2,5,5,1,6,0,0,7,1
9,1,33,33,4,12,0,1,10,9,1,33,33,4,12,0,1,10,1
8,0,2,2,0,20,0,0,0,6,0,12,12,2,13,0,0,3,1
10,0,11,11,1,5,0,0,6,5,0,0,0,0,5,0,0,0,1
2,4,16,16,1,8,0,0,9,2,4,16,16,1,8,0,0,9,1
9,1,16,16,0,18,0,0,1,17,1,22,22,4,10,0,0,15,1
7,1,11,11,3,8,0,1,9,7,1,11,11,3,8,0,1,9,1
3,2,12,12,3,18,0,0,12,3,2,12,12,3,18,0,0,12,1
3,3,3,3,1,7,0,0,3,7,3,6,6,1,12,0,0,7,1
7,1,11,11,3,8,0,1,9,7,1,11,11,3,8,0,1,9,1
6,1,11,11,0,7,1,0,4,6,1,11,11,0,7,1,0,4,1
8,1,18,18,1,10,0,0,11,4,1,2,2,1,5,0,0,3,1
3,1,1,1,0,4,1,0,1,1,1,0,0,0,2,0,1,1,1
2,1,2,2,0,3,1,0,3,5,1,3,3,0,8,1,0,5,1
1,0,4,4,0,2,0,0,0,1,0,8,8,0,2,0,0,0,1
4,1,21,21,1,7,0,0,11,3,1,14,14,0,4,0,0,3,1
2,0,4,4,3,17,0,0,7,2,2,5,5,0,5,0,0,3,1
15,1,3,3,1,3,0,0,3,15,1,3,3,1,3,0,0,3,1
7,1,11,11,3,8,0,1,9,7,1,11,11,3,8,0,1,9,1
3,1,9,9,3,5,0,0,8,3,1,9,9,3,5,0,0,8,1
8,1,8,8,3,18,0,1,8,8,1,8,8,3,18,0,1,8,1
2,1,1,1,1,7,0,0,3,0,1,2,2,1,3,0,1,5,1
4,1,0,0,0,6,0,0,1,4,1,0,0,0,6,0,0,1,1
4,3,5,5,0,5,1,0,1,1,3,26,26,3,5,0,0,17,1
0,0,9,9,0,1,0,0,2,0,0,9,9,0,1,0,0,2,1
5,2,4,4,0,8,0,0,9,5,2,4,4,0,8,0,0,9,1
3,1,2,2,2,10,0,0,4,3,1,2,2,2,10,0,0,4,1
10,1,19,19,0,14,0,0,6,6,1,0,0,0,7,0,1,2,1
14,3,21,21,3,18,0,0,15,1,1,2,2,1,3,0,0,5,1
0,0,0,0,0,0,0,1,1,0,0,0,0,0,0,0,1,1,1
1,1,7,7,0,2,0,0,5,0,1,3,3,0,1,0,1,1,1
0,1,3,3,0,1,0,1,1,0,1,3,3,0,1,0,1,1,1
10,1,7,7,0,12,0,0,4,0,1,34,34,0,16,0,0,8,1
0,0,0,0,0,0,0,1,1,1,0,3,3,0,1,0,1,1,1
3,1,12,12,0,6,0,0,5,3,1,12,12,0,6,0,0,5,1
3,1,2,2,2,10,0,0,4,3,1,2,2,2,10,0,0,4,1
31,1,0,0,0,11,0,0,1,5,1,3,3,0,7,0,0,3,1
5,2,4,4,0,8,0,0,9,5,2,4,4,0,8,0,0,9,1
4,1,0,0,0,5,0,1,1,4,1,0,0,0,6,0,0,1,1
5,1,2,2,1,23,0,0,3,4,3,5,5,0,5,1,0,1,1
2,1,9,9,1,3,0,0,3,0,1,2,2,1,3,0,1,5,1
8,1,8,8,3,18,0,1,8,8,1,8,8,3,18,0,1,8,1
3,1,9,9,3,5,0,0,8,4,3,11,11,3,7,0,0,11,1
6,1,2,2,1,11,0,0,4,7,1,11,11,3,8,0,1,9,1
4,1,15,15,2,4,0,0,9,2,1,3,3,2,6,0,0,4,1
33,1,17,17,4,11,0,0,7,4,1,21,21,1,7,0,0,11,1
2,0,1,1,2,13,0,0,3,2,0,4,4,3,17,0,0,7,1
4,1,4,4,1,15,0,0,4,7,1,10,10,2,9,0,0,9,1
1,0,4,4,0,2,0,0,0,1,0,4,4,0,2,0,0,0,1
5,1,22,22,3,5,0,0,10,1,2,8,8,0,4,0,0,3,1
8,1,18,18,1,10,0,0,11,4,1,3,3,0,6,0,0,1,1
6,1,11,11,0,7,1,0,4,6,1,11,11,0,7,1,0,4,1
3,0,5,5,0,3,0,0,1,3,0,5,5,0,3,0,0,1,1
7,1,11,11,3,8,0,1,9,7,1,11,11,3,8,0,1,9,1
7,1,11,11,3,8,0,1,9,7,1,11,11,3,8,0,1,9,1
3,2,12,12,3,18,0,0,12,3,2,12,12,3,18,0,0,12,1
9,1,16,16,0,18,0,0,1,9,1,16,16,0,18,0,0,1,1
2,4,16,16,1,8,0,0,9,3,1,10,10,2,4,0,0,9,1
5,0,0,0,0,5,0,0,0,9,1,17,17,0,10,0,0,7,1
6,0,12,12,2,13,0,0,3,6,0,12,12,2,13,0,0,3,1
3,4,6,6,3,10,0,0,8,0,4,4,4,1,7,0,0,4,1
3,4,6,6,3,10,0,0,8,1,2,1,1,0,3,0,0,9,1
2,1,2,2,1,4,0,0,5,1,5,0,0,0,10,3,0,4,1
3,4,1,1,0,11,1,0,3,3,4,4,4,0,11,0,0,4,1
6,1,2,2,0,7,1,0,1,6,1,2,2,0,7,1,0,1,1
0,1,0,0,0,1,1,0,1,0,1,0,0,0,1,1,0,1,1
6,1,6,6,0,17,1,2,1,6,1,6,6,0,17,1,2,1,1
3,1,6,6,0,4,0,0,5,3,1,6,6,0,4,0,0,5,1
5,1,15,15,1,6,1,0,7,3,1,13,13,1,4,0,0,3,1
3,4,7,7,3,10,0,0,8,1,4,3,3,0,7,0,0,11,1
0,1,1,1,0,1,0,0,100,0,1,1,1,0,1,0,0,100,1
4,2,1,1,2,9,0,0,6,4,2,1,1,2,9,0,0,6,1
7,1,11,11,3,8,0,1,9,7,1,11,11,3,8,0,1,9,1
7,1,11,11,3,8,0,1,9,7,1,11,11,3,8,0,1,9,1
2,1,4,4,1,4,0,0,3,1,1,1,1,0,2,0,0,2,1
34,2,10,10,3,16,0,0,13,34,2,10,10,3,16,0,0,13,1
4,1,2,2,1,5,0,0,3,8,1,19,19,1,10,0,0,11,1
6,1,11,11,0,7,1,0,4,6,1,11,11,0,7,1,0,4,1
4,1,2,2,1,5,0,0,3,8,1,24,24,4,12,0,0,9,1
3,0,4,4,0,4,0,0,1,4,0,6,6,0,4,0,0,0,1
6,1,4,4,2,21,0,0,5,6,1,12,12,2,8,0,0,9,1
4,3,55,55,0,7,0,0,39,7,0,1,1,1,26,0,0,6,1
4,0,6,6,0,4,0,0,0,4,0,6,6,0,4,0,0,0,1
1,0,4,4,0,2,0,0,0,4,0,4,4,0,5,0,0,1,1
2,1,4,4,2,6,0,0,4,2,1,4,4,2,6,0,0,4,1
4,0,3,3,0,4,0,0,2,4,0,3,3,0,4,0,0,2,1
7,1,6,6,1,9,0,0,3,2,1,3,3,0,4,0,0,2,1
3,2,8,8,1,7,0,0,6,3,2,8,8,1,7,0,0,6,1
0,2,0,0,0,3,0,0,2,0,2,0,0,0,3,0,0,2,1
18,1,7,7,1,7,1,0,5,11,1,23,23,5,12,1,0,15,1
3,1,1,1,1,5,1,1,2,3,1,1,1,1,5,1,1,2,1
3,1,1,1,0,14,1,3,3,3,1,1,1,0,14,1,3,3,1
2,1,3,3,1,7,0,0,3,2,1,7,7,1,3,0,0,3,1
4,1,6,6,2,6,0,0,4,4,1,6,6,2,6,0,0,4,1
5,3,11,11,2,9,0,0,10,5,3,11,11,2,9,0,0,10,1
0,1,3,3,0,1,0,1,1,5,0,10,10,1,4,0,0,2,1
4,2,15,15,2,13,0,0,8,4,2,15,15,2,13,0,0,8,1
5,1,17,17,1,6,0,0,9,3,2,13,13,4,9,0,0,11,1
9,2,2,2,0,10,0,1,1,5,1,17,17,1,6,0,0,9,1
11,1,14,14,3,7,0,0,9,11,1,14,14,3,7,0,0,9,1
6,3,11,11,2,10,0,0,10,7,3,10,10,2,11,0,0,7,1
0,1,3,3,0,1,0,1,1,0,1,3,3,0,1,0,1,1,1
4,1,6,6,2,6,0,0,4,4,1,6,6,2,6,0,0,4,1
2,1,7,7,1,3,0,0,3,2,1,1,1,1,7,0,0,3,1
4,1,1,1,1,6,1,1,2,2,1,4,4,1,4,1,0,3,1
2,1,1,1,0,8,1,3,3,2,1,1,1,0,8,1,3,3,1
0,2,0,0,0,3,0,0,2,0,2,0,0,0,3,0,0,2,1
11,1,23,23,5,12,1,0,15,4,0,2,2,0,8,0,0,0,1
1,1,0,0,0,2,0,0,2,1,1,0,0,0,2,0,0,2,1
0,1,2,2,0,1,1,0,5,0,3,4,4,0,3,1,0,6,1
8,1,8,8,3,18,0,1,8,4,0,3,3,0,4,0,0,2,1
1,0,3,3,2,1,0,1,4,1,0,3,3,2,1,0,1,4,1
1,0,4,4,0,2,0,0,0,5,0,5,5,0,5,0,0,0,1
7,0,1,1,1,26,0,0,6,7,0,1,1,1,26,0,0,6,1
4,0,7,7,0,4,0,0,0,4,0,7,7,0,4,0,0,0,1
4,0,4,4,0,5,0,0,1,1,0,2,2,0,2,0,0,0,1
4,1,5,5,1,14,0,0,4,4,1,5,5,1,14,0,0,4,1
4,1,2,2,1,5,0,0,3,4,1,2,2,1,5,0,0,3,1
33,1,72,72,1,36,0,1,55,33,1,72,72,1,36,0,1,55,1
4,1,2,2,1,5,0,0,3,4,1,2,2,1,5,0,0,3,1
4,2,15,15,2,13,0,0,8,4,2,15,15,2,13,0,0,8,1
7,1,11,11,3,8,0,1,9,7,1,11,11,3,8,0,1,9,1
35,2,9,9,3,17,0,0,13,35,2,9,9,3,17,0,0,13,1
1,1,4,4,1,6,0,0,11,1,1,4,4,1,6,0,0,11,1
7,1,11,11,3,8,0,1,9,7,1,11,11,3,8,0,1,9,1
9,1,17,17,0,10,0,0,7,9,1,17,17,0,10,0,0,7,1
3,4,6,6,3,10,0,0,8,0,4,4,4,1,7,0,0,4,1
7,1,15,15,2,7,0,0,6,4,1,6,6,1,5,0,1,4,1
3,1,5,5,4,27,0,0,12,3,1,5,5,4,27,0,0,12,1
4,1,6,6,0,5,0,1,1,4,1,6,6,0,5,0,1,1,1
0,1,0,0,0,1,1,0,1,0,1,0,0,0,1,1,0,1,1
0,1,0,0,0,1,1,0,1,0,1,0,0,0,1,1,0,1,1
6,0,2,2,0,8,0,0,1,6,1,2,2,0,7,1,0,1,1
0,4,4,4,1,7,0,0,4,0,4,4,4,1,7,0,0,4,1
0,0,1,1,0,0,0,0,1,3,1,5,5,1,17,0,0,4,1
3,1,13,13,1,4,0,0,3,3,1,13,13,1,4,0,0,3,1
15,1,14,14,1,6,0,0,5,15,1,14,14,1,6,0,0,5,1
0,1,1,1,0,1,0,0,100,0,1,1,1,0,1,0,0,100,1
3,4,6,6,3,10,0,0,8,0,5,0,0,0,5,0,0,1,1
4,2,17,17,3,7,0,0,13,4,2,17,17,3,7,0,0,13,1
7,1,11,11,3,8,0,1,9,7,1,11,11,3,8,0,1,9,1
7,1,11,11,3,8,0,1,9,7,1,11,11,3,8,0,1,9,1
4,2,1,1,2,9,0,0,6,3,2,12,12,3,18,0,0,12,1
4,2,3,3,0,7,0,0,3,4,2,3,3,0,7,0,0,3,1
3,1,9,9,0,8,0,0,2,4,1,2,2,1,5,0,0,3,1
4,1,0,0,0,9,1,0,1,1,1,0,0,0,2,0,1,2,1
4,0,5,5,0,4,0,0,0,6,0,6,6,0,6,0,0,0,1
58,1,16,16,3,8,0,0,13,4,3,55,55,0,7,0,0,39,1
6,1,4,4,2,21,0,0,5,6,1,4,4,2,21,0,0,5,1
3,0,4,4,0,4,0,0,1,1,0,4,4,0,2,0,0,0,1
2,1,4,4,1,3,1,0,3,4,1,2,2,2,5,0,0,4,1
3,3,0,0,0,9,1,0,1,0,3,1,1,0,3,1,0,3,1
2,1,0,0,0,3,0,0,1,2,1,0,0,0,3,0,0,1,1
2,1,4,4,2,6,0,0,4,2,1,4,4,2,6,0,0,4,1
3,2,13,13,2,7,0,0,12,3,2,8,8,1,7,0,0,6,1
4,1,10,10,2,18,0,0,5,4,1,10,10,2,18,0,0,5,1
5,2,6,6,2,7,0,0,6,6,1,3,3,1,7,0,0,4,1
2,0,0,0,1,11,0,1,3,2,0,0,0,1,11,0,1,3,1
4,1,0,0,0,6,0,0,1,4,1,0,0,0,6,0,0,1,1
4,1,0,0,0,9,0,0,1,5,1,2,2,1,23,0,0,3,1
5,2,16,16,3,23,0,0,12,5,2,16,16,3,23,0,0,12,1
0,1,3,3,0,1,0,1,1,0,1,3,3,0,1,0,1,1,1
4,1,5,5,1,5,0,0,3,3,1,3,3,1,8,0,0,3,1
3,2,13,13,4,9,0,0,11,3,2,13,13,4,9,0,0,11,1
4,2,15,15,2,13,0,0,8,4,2,15,15,2,13,0,0,8,1
4,2,15,15,2,13,0,0,8,4,2,15,15,2,13,0,0,8,1
5,1,20,20,1,6,0,0,9,5,1,20,20,1,6,0,0,9,1
1,3,0,0,1,5,1,1,2,4,1,3,3,1,9,0,0,3,1
0,1,3,3,0,1,0,1,1,0,1,3,3,0,1,0,1,1,1
0,0,4,4,0,0,0,0,3,5,2,16,16,3,23,0,0,12,1
4,1,0,0,0,6,0,0,1,4,1,0,0,0,6,0,0,1,1
8,2,7,7,0,13,0,0,6,8,2,7,7,0,13,0,0,6,1
2,1,1,1,0,8,1,3,3,2,1,1,1,0,8,1,3,3,1
9,11,19,19,2,25,4,0,8,3,1,0,0,0,6,0,0,3,1
2,1,1,1,0,3,0,1,1,5,1,0,0,0,6,0,2,1,1
7,1,11,11,3,8,0,1,9,7,1,11,11,3,8,0,1,9,1
2,1,4,4,2,6,0,0,4,2,1,4,4,2,6,0,0,4,1
2,1,0,0,0,3,0,0,1,9,1,12,12,0,6,0,0,1,1
4,3,0,0,0,10,1,0,1,1,3,0,0,1,5,1,1,2,1
5,1,2,2,1,6,1,0,5,4,1,2,2,2,5,0,0,4,1
5,1,23,23,2,6,1,1,17,6,1,4,4,2,21,0,0,5,1
3,0,4,4,0,4,0,0,1,3,0,4,4,0,4,0,0,1,1
4,0,6,6,0,4,0,0,0,3,0,4,4,0,4,0,0,1,1
57,1,8,8,2,7,0,0,5,58,1,16,16,3,8,0,0,13,1
15,1,5,5,1,21,0,1,5,15,1,5,5,1,21,0,1,5,1
3,1,9,9,0,8,0,0,2,4,1,4,4,0,6,0,0,1,1
4,2,3,3,0,7,0,0,3,4,2,3,3,0,7,0,0,3,1
7,1,11,11,3,8,0,1,9,7,1,11,11,3,8,0,1,9,1
1,1,4,4,1,6,0,0,11,4,2,1,1,2,9,0,0,6,1
35,2,9,9,3,17,0,0,13,4,2,1,1,2,9,0,0,6,1
7,1,2,2,0,9,0,0,1,7,1,2,2,0,9,0,0,1,1
0,1,1,1,0,1,0,0,100,3,1,10,10,1,4,0,0,5,1
15,1,14,14,1,6,0,0,5,15,1,14,14,1,6,0,0,5,1
1,1,2,2,0,5,0,0,2,1,1,2,2,0,5,0,0,2,1
0,0,1,1,0,0,0,0,1,0,0,1,1,0,0,0,0,1,1
3,4,6,6,3,10,0,0,8,3,4,6,6,3,10,0,0,8,1
4,1,1,1,0,5,0,0,3,4,1,1,1,0,5,0,0,3,1
0,1,0,0,0,1,1,0,1,0,1,0,0,0,1,1,0,1,1
0,2,0,0,0,3,0,0,3,0,1,1,1,0,2,0,0,5,0
1,1,2,2,0,2,0,0,5,0,1,34,34,0,16,0,0,8,0
1,1,1,1,0,2,0,0,2,2,1,0,0,0,3,0,0,4,0
9,1,12,12,0,6,0,0,1,5,1,0,0,0,6,0,2,1,0
0,2,2,2,1,2,0,0,4,6,1,2,2,0,8,0,0,1,0
11,1,11,11,2,12,0,1,11,2,0,4,4,3,17,0,0,7,0
3,2,6,6,3,9,0,0,8,4,1,15,15,2,5,0,0,13,0
4,1,2,2,1,17,0,0,3,3,4,6,6,3,10,0,0,8,0
3,0,1,1,0,3,0,0,1,1,1,2,2,2,8,1,0,3,0
3,1,3,3,1,8,0,0,3,1,1,4,4,1,6,0,0,11,0
8,1,7,7,0,9,0,0,3,0,1,0,0,0,1,0,0,6,0
3,1,10,10,1,4,0,0,5,0,6,1,1,0,10,3,0,3,0
7,1,1,1,0,15,0,0,1,5,2,4,4,0,8,0,0,9,0
3,0,3,3,0,3,0,0,0,5,1,2,2,1,10,1,0,3,0
5,2,16,16,3,23,0,0,12,0,0,4,4,0,0,0,2,1,0
2,4,0,0,0,10,0,0,3,5,0,28,28,0,7,0,0,5,0
5,0,28,28,0,7,0,0,5,6,1,2,2,0,8,0,0,1,0
22,1,0,0,0,7,0,0,1,3,1,12,12,3,4,0,0,9,0
3,2,0,0,0,5,0,0,2,4,1,6,6,0,5,0,1,1,0
33,1,72,72,1,36,0,1,55,3,1,2,2,1,4,1,0,3,0
0,5,3,3,0,9,0,0,2,4,0,2,2,0,4,0,0,0,0
7,1,11,11,3,8,0,1,9,2,1,0,0,0,3,0,0,1,0
3,2,0,0,0,5,0,0,2,19,1,19,19,4,10,0,0,14,0
3,2,6,6,3,8,0,0,8,6,1,0,0,0,7,0,0,1,0
4,1,2,2,0,6,1,0,1,1,0,6,6,2,1,0,1,7,0
2,1,0,0,0,3,0,0,1,5,1,8,8,2,6,0,0,4,0
7,1,2,2,0,9,0,0,1,1,0,4,4,0,2,0,0,0,0
6,1,0,0,0,7,0,0,1,0,1,3,3,0,3,0,0,1,0
0,1,30,30,0,1,0,0,1,1,0,1,1,0,2,0,0,1,0
8,1,13,13,2,18,0,0,5,4,1,2,2,1,5,0,0,3,0
0,3,18,18,0,4,0,0,11,2,1,4,4,1,4,1,0,3,0
9,1,3,3,2,23,1,0,4,10,0,6,6,0,11,0,0,1,0
3,2,8,8,1,6,0,0,5,15,1,5,5,1,21,0,1,5,0
4,2,1,1,2,9,0,0,6,2,1,10,10,1,3,1,0,3,0
4,2,3,3,0,7,0,0,3,5,1,3,3,0,7,0,0,3,0
6,1,2,2,0,8,0,0,1,13,3,31,31,2,17,0,0,24,0
7,1,11,11,3,8,0,1,9,4,1,13,13,2,5,0,0,11,0
2,1,10,10,2,5,0,0,5,11,1,11,11,2,12,0,1,11,0
4,1,6,6,1,5,0,0,7,1,1,0,0,0,2,0,0,2,0
0,5,3,3,0,9,0,0,2,4,1,1,1,0,5,0,1,1,0
0,1,30,30,0,1,0,0,1,4,1,15,15,2,4,0,0,9,0
5,0,10,10,1,4,0,0,2,2,1,3,3,1,7,0,0,3,0
6,0,12,12,2,13,0,0,3,2,0,4,4,3,17,0,0,7,0
3,2,8,8,1,7,0,0,6,0,1,1,1,0,1,0,0,99,0
5,1,16,16,1,3,0,0,3,6,1,8,8,1,7,0,0,9,0
6,1,5,5,1,14,0,0,4,10,1,0,0,3,21,0,0,6,0
0,1,7,7,0,1,0,0,7,7,1,4,4,1,13,0,0,8,0
3,0,0,0,0,3,0,0,0,7,3,10,10,2,11,0,0,7,0
0,1,0,0,0,1,1,0,1,4,2,3,3,0,7,0,0,3,0
4,0,6,6,0,4,0,0,0,2,3,3,3,0,5,0,0,5,0
3,1,7,7,1,4,0,0,3,4,0,1,1,0,4,0,0,0,0
1,0,8,8,0,2,0,0,0,0,1,3,3,0,3,0,0,1,0
3,1,3,3,1,9,0,0,3,3,1,13,13,1,4,0,0,3,0
5,2,4,4,0,8,0,0,9,3,1,13,13,1,4,0,0,3,0
3,1,1,1,0,14,1,3,3,2,0,2,2,1,2,0,1,3,0
1,1,4,4,1,6,0,0,11,6,1,12,12,2,8,0,0,9,0
2,1,0,0,0,3,0,0,1,3,1,10,10,2,4,0,0,9,0
3,1,7,7,1,4,0,0,3,0,1,3,3,0,3,0,0,1,0
0,1,4,4,1,3,0,1,6,12,1,0,0,0,13,0,0,1,0
4,1,2,2,0,6,1,0,1,0,1,20,20,0,1,0,2,7,0
6,0,12,12,2,13,0,0,3,4,1,0,0,0,5,0,0,3,0
7,1,11,11,3,8,0,1,9,4,3,11,11,3,7,0,0,11,0
0,3,1,1,0,3,0,0,5,2,1,4,4,1,3,1,0,3,0
1,0,5,5,0,2,0,0,0,4,1,13,13,2,5,0,0,11,0
4,1,1,1,0,5,0,0,3,5,1,8,8,2,6,0,0,4,0
3,1,5,5,4,27,0,0,12,2,0,11,11,1,4,0,0,3,0
7,1,11,11,3,8,0,1,9,3,1,3,3,0,4,0,1,3,0
6,1,2,2,0,8,0,0,1,6,1,12,12,6,7,0,0,13,0
0,3,1,1,0,3,0,0,5,1,1,3,3,1,2,0,0,3,0
0,1,1,1,0,1,0,0,99,3,1,3,3,1,8,0,0,3,0
0,4,4,4,1,7,0,0,4,10,1,14,14,4,12,0,0,10,0
3,0,4,4,0,4,0,0,1,1,1,0,0,0,2,0,0,2,0
6,0,12,12,2,13,0,0,3,7,1,2,2,0,9,0,0,1,0
0,3,1,1,0,3,0,0,5,1,0,1,1,0,2,0,0,1,0
5,1,16,16,1,3,0,0,3,4,1,4,4,0,6,0,0,1,0
2,1,4,4,1,3,1,0,3,3,1,3,3,0,4,0,1,3,0
1,2,0,0,0,3,0,2,3,2,2,8,8,1,6,0,0,6,0
3,0,4,4,1,3,0,1,5,1,1,7,7,0,2,0,0,5,0
1,0,6,6,2,1,0,1,7,1,0,1,1,0,2,0,0,1,0
2,2,3,3,1,5,0,0,5,7,1,0,0,2,32,0,0,3,0
11,0,11,11,2,11,1,0,5,3,2,1,1,0,5,0,1,1,0
2,0,0,0,0,3,0,0,0,1,0,0,0,0,1,0,0,1,0
6,1,11,11,0,12,0,0,1,5,1,17,17,0,13,0,0,5,0
18,1,15,15,2,8,0,0,9,3,1,3,3,1,9,0,0,3,0
1,1,4,4,1,6,0,0,11,7,1,4,4,1,13,0,0,8,0
6,0,6,6,0,6,0,0,0,5,1,17,17,0,6,0,0,1,0
8,2,37,37,1,15,1,1,10,2,1,0,0,0,3,0,0,4,0
6,1,0,0,0,12,0,0,2,0,0,0,0,1,1,0,0,3,0
0,2,0,0,0,3,0,0,2,10,0,10,10,1,5,0,0,6,0
4,1,20,20,0,5,0,0,1,14,1,26,26,4,15,0,0,15,0
7,3,10,10,2,11,0,0,7,1,1,4,4,1,6,0,0,11,0
3,0,7,7,1,11,0,0,10,0,0,0,0,0,0,0,1,1,0
2,1,8,8,2,3,0,0,7,4,2,15,15,2,13,0,0,8,0
2,1,0,0,0,3,0,0,1,1,1,3,3,1,2,0,0,3,0
6,1,12,12,2,16,1,0,12,1,2,6,6,1,4,0,1,15,0
4,3,55,55,0,7,0,0,39,2,2,7,7,0,5,0,0,7,0
2,0,17,17,1,2,1,0,12,2,1,3,3,0,3,0,0,5,0
4,2,1,1,2,9,0,0,6,3,1,1,1,0,4,1,0,3,0
4,1,14,14,2,5,0,0,7,5,0,28,28,0,7,0,0,5,0
1,0,6,6,1,2,0,0,7,6,1,0,0,0,7,0,0,1,0
5,1,10,10,1,16,0,0,13,3,2,6,6,3,8,0,0,8,0
6,0,7,7,0,6,0,0,0,3,2,0,0,0,5,0,0,2,0
5,1,13,13,1,6,0,0,7,3,1,3,3,1,9,0,0,3,0
2,1,4,4,0,3,0,0,5,7,2,10,10,1,15,0,0,10,0
1,0,7,7,2,1,0,1,5,0,0,1,1,0,0,0,0,1,0
0,0,4,4,0,0,0,0,3,2,1,0,0,0,3,0,0,1,0
2,0,3,3,2,2,0,2,4,7,1,11,11,3,8,0,1,9,0
3,1,3,3,0,4,0,0,1,6,1,0,0,0,7,0,1,2,0
3,0,2,2,0,2,0,0,0,3,1,2,2,2,10,0,0,4,0
5,1,8,8,2,6,0,0,4,4,1,6,6,1,5,0,0,7,0
9,1,17,17,0,10,0,0,7,9,1,16,16,0,18,0,0,1,0
3,2,12,12,3,18,0,0,12,3,1,3,3,0,4,0,0,1,0
7,1,4,4,2,20,0,0,5,5,2,12,12,4,15,0,0,11,0
4,1,0,0,0,9,0,0,1,2,0,17,17,1,2,1,0,12,0
11,1,11,11,2,12,0,1,11,6,1,23,23,1,4,0,0,11,0
1,1,0,0,0,2,0,0,2,3,2,8,8,1,7,0,0,6,0
6,1,14,14,1,6,0,0,7,1,0,2,2,1,1,0,2,2,0
4,1,6,6,0,5,0,1,1,6,1,0,0,0,7,0,0,1,0
1,1,3,3,1,3,0,0,3,0,0,0,0,0,0,1,2,1,0
5,0,5,5,0,5,0,0,0,2,1,0,0,0,3,0,1,1,0
5,1,4,4,1,6,1,0,4,9,2,2,2,0,10,0,1,1,0
4,1,28,28,0,7,0,0,5,2,1,4,4,2,6,0,0,4,0
2,1,0,0,0,3,0,0,1,4,2,15,15,2,13,0,0,8,0
5,1,20,20,1,6,0,0,9,5,2,4,4,0,8,0,0,9,0
3,1,12,12,0,6,0,0,5,5,0,28,28,0,7,0,0,5,0
4,1,0,0,0,5,0,0,2,2,0,0,0,0,4,0,0,3,0
34,1,105,105,5,44,0,0,17,4,1,2,2,1,17,0,0,3,0
4,0,6,6,0,4,0,0,0,6,1,5,5,1,14,0,0,4,0
6,1,2,2,0,8,0,0,1,2,1,6,6,2,4,0,0,7,0
34,1,109,109,5,44,0,0,17,4,1,0,0,0,5,0,0,3,0
2,0,11,11,1,4,0,0,3,6,1,2,2,0,8,0,0,1,0
0,0,2,2,0,0,0,2,1,0,4,4,4,1,7,0,0,4,0
4,1,4,4,1,15,0,0,4,0,1,3,3,0,3,0,0,1,0
5,1,2,2,1,6,0,0,3,1,1,7,7,0,5,0,0,1,0
2,2,0,0,0,4,0,1,1,13,3,31,31,2,17,0,0,24,0
7,1,2,2,0,9,0,0,1,0,0,4,4,0,0,0,0,3,0
2,0,4,4,1,2,0,1,3,6,1,0,0,0,7,0,0,1,0
13,3,31,31,2,17,0,0,24,5,1,2,2,1,6,0,0,3,0
4,1,13,13,2,5,0,0,11,2,2,1,1,0,4,0,0,2,0
4,0,4,4,0,5,0,0,1,2,1,0,0,0,3,0,1,1,0
6,1,0,0,0,12,0,0,2,11,1,11,11,2,12,0,1,11,0
13,1,19,19,4,14,0,0,9,3,1,7,7,2,7,0,0,6,0
6,2,8,8,1,7,0,0,10,4,1,6,6,0,5,0,1,1,0
4,1,21,21,1,7,0,0,11,7,1,2,2,0,9,0,0,1,0
5,0,28,28,0,7,0,0,5,0,1,7,7,1,2,0,0,5,0
9,1,17,17,0,10,0,0,7,1,1,3,3,1,2,0,0,3,0
6,1,0,0,0,12,0,0,2,5,1,2,2,1,6,0,0,3,0
4,0,3,3,0,4,0,0,2,3,5,6,6,3,64,0,0,5,0
4,0,4,4,0,5,0,0,1,8,1,8,8,0,9,0,0,3,0
3,2,0,0,0,5,0,0,2,1,3,2,2,0,4,0,0,5,0
6,1,11,11,0,7,1,0,4,4,1,7,7,1,5,0,0,3,0
1,0,6,6,0,2,0,0,0,4,1,0,0,0,5,0,0,3,0
6,1,2,2,0,7,0,0,2,4,0,2,2,0,8,0,0,0,0
3,1,2,2,1,4,1,0,3,3,2,8,8,1,7,0,0,6,0
5,1,0,0,0,12,0,0,1,11,0,11,11,2,11,1,0,5,0
7,1,11,11,3,8,0,1,9,4,0,1,1,0,5,0,0,0,0
0,5,0,0,0,6,0,0,1,4,3,11,11,3,7,0,0,11,0
5,2,4,4,0,8,0,0,9,11,1,43,43,4,13,0,0,21,0
4,1,0,0,0,9,1,0,1,1,1,2,2,0,2,0,0,2,0
15,1,14,14,1,6,0,0,5,5,1,2,2,1,6,1,0,5,0
2,1,3,3,0,4,0,0,2,4,1,10,10,1,4,0,0,9,0
3,2,8,8,1,7,0,0,6,5,1,2,2,1,6,0,0,3,0
0,1,2,2,0,1,0,0,3,7,1,11,11,3,8,0,1,9,0
4,1,3,3,1,13,1,0,3,13,2,26,26,4,15,1,4,28,0
6,2,6,6,0,9,1,0,1,5,9,29,29,0,18,0,0,5,0
4,2,3,3,0,7,0,0,3,2,0,10,10,3,7,0,0,10,0
6,0,6,6,0,6,0,0,0,3,2,13,13,4,9,0,0,11,0
4,1,6,6,1,5,1,0,4,0,3,9,9,0,3,0,0,16,0
3,0,5,5,0,3,0,0,1,5,1,0,0,0,7,1,0,1,0
1,1,7,7,0,5,0,0,1,4,1,6,6,1,5,0,0,7,0
1,1,0,0,0,4,0,0,1,0,3,4,4,0,3,1,0,6,0
7,1,11,11,3,8,0,1,9,0,0,0,0,1,5,0,2,3,0
1,0,2,2,1,1,0,2,2,7,1,4,4,2,20,0,0,5,0
3,1,6,6,0,4,0,0,5,3,0,0,0,0,3,0,0,0,0
2,0,1,1,1,3,0,0,2,3,1,4,4,0,4,1,0,1,0
7,1,11,11,3,8,0,1,9,2,0,2,2,1,2,0,1,3,0
1,1,6,6,1,3,0,0,7,0,0,4,4,0,0,0,2,1,0
1,0,1,1,0,1,0,0,0,1,0,4,4,0,2,0,0,0,0
0,0,4,4,0,0,0,2,1,7,0,1,1,1,26,0,0,6,0
5,2,4,4,0,8,0,0,9,3,2,8,8,1,7,0,0,6,0
4,1,1,1,0,6,1,2,1,34,2,10,10,3,16,0,0,13,0
1,1,0,0,0,2,0,0,2,2,1,0,0,0,3,0,0,1,0
6,1,4,4,2,21,0,0,5,4,1,13,13,2,5,0,0,11,0
3,1,4,4,0,4,1,0,1,9,1,17,17,0,10,0,0,7,0
6,1,2,2,0,7,0,0,2,8,2,15,15,4,10,0,0,15,0
0,0,2,2,0,0,0,0,1,7,1,6,6,0,13,0,1,1,0
2,2,7,7,0,5,0,0,7,1,0,1,1,0,2,0,0,1,0
5,1,17,17,0,13,0,0,5,2,1,4,4,2,6,0,0,4,0
1,1,6,6,1,3,0,0,7,3,1,12,12,3,4,0,0,9,0
1,0,1,1,0,2,0,0,1,7,3,10,10,2,11,0,0,7,0
0,1,1,1,0,1,0,0,99,2,1,10,10,2,5,0,0,5,0
1,0,5,5,0,2,0,0,0,0,1,20,20,0,1,0,0,12,0
7,1,11,11,3,8,0,1,9,0,2,0,0,0,3,0,0,2,0
4,1,20,20,0,5,0,0,1,0,1,2,2,1,3,0,1,5,0
19,1,22,22,5,11,0,0,13,0,2,2,2,1,2,0,0,4,0
1,2,1,1,0,3,0,0,9,2,1,0,0,0,3,0,1,1,0
4,0,0,0,0,4,0,0,0,6,1,0,0,0,7,0,0,1,0
4,1,4,4,1,15,0,0,4,2,1,3,3,1,7,0,0,3,0
0,0,4,4,0,0,0,0,3,4,0,6,6,0,4,0,0,0,0
4,0,4,4,0,5,0,0,1,6,1,2,2,0,8,0,0,1,0
1,0,0,0,0,1,0,1,1,0,1,4,4,1,3,0,1,3,0
0,1,1,1,0,1,0,0,99,3,2,8,8,1,6,0,0,5,0
4,4,7,7,0,11,1,1,15,8,2,7,7,0,13,0,0,6,0
3,0,1,1,0,3,0,0,1,2,1,8,8,1,4,0,0,9,0
4,1,0,0,0,9,0,1,1,3,1,1,1,0,14,1,3,3,0
0,1,1,1,0,1,0,0,100,1,1,0,0,0,2,0,0,2,0
3,0,2,2,0,2,0,0,0,0,0,14,14,0,0,0,0,8,0
8,2,15,15,4,10,0,0,15,2,1,0,0,0,3,0,0,1,0
6,1,23,23,4,7,0,0,9,7,1,11,11,3,8,0,1,9,0
3,0,2,2,0,2,0,0,0,6,1,6,6,0,7,0,0,7,0
0,4,4,4,1,7,0,0,4,9,1,12,12,0,6,0,0,1,0
2,2,4,4,0,5,0,0,5,1,1,2,2,1,3,0,0,3,0
4,2,1,1,2,9,0,0,6,2,0,11,11,1,5,0,0,3,0
3,1,4,4,1,4,0,0,3,0,0,0,0,1,5,0,2,3,0
3,1,3,3,1,6,1,0,3,1,0,1,1,0,2,0,0,1,0
1,0,4,4,0,2,0,0,0,3,1,2,2,0,4,1,0,1,0
7,1,2,2,0,9,0,0,1,15,1,14,14,1,6,0,0,5,0
7,1,2,2,0,9,0,0,1,0,0,6,6,0,0,0,0,8,0
1,2,5,5,0,4,0,0,5,4,1,2,2,1,17,0,0,3,0
1,1,10,10,0,6,0,0,1,2,1,0,0,0,3,0,0,1,0
3,0,0,0,0,3,0,0,0,4,0,6,6,0,4,0,0,0,0
6,2,8,8,1,7,0,0,10,7,1,11,11,3,8,0,1,9,0
7,1,11,11,3,8,0,1,9,0,3,3,3,1,4,0,0,8,0
2,1,3,3,1,7,0,0,3,1,1,0,0,0,2,0,0,2,0
4,1,0,0,0,6,0,0,1,0,1,1,1,0,1,0,0,100,0
0,1,1,1,0,2,0,1,1,3,4,7,7,3,10,0,0,8,0
3,2,12,12,3,18,0,0,12,1,1,6,6,0,3,0,1,6,0
19,1,19,19,4,10,0,0,14,34,1,109,109,5,44,0,0,17,0
8,1,6,6,0,14,1,0,1,7,1,4,4,1,13,0,0,8,0
5,2,4,4,0,8,0,0,9,0,4,4,4,1,7,0,0,4,0
3,2,0,0,0,5,0,0,2,14,3,22,22,3,18,0,0,15,0
1,1,4,4,1,6,0,0,11,4,0,4,4,0,5,0,0,1,0
1,1,3,3,1,2,0,0,3,6,0,4,4,0,7,0,0,0,0
7,1,11,11,3,8,0,1,9,8,2,15,15,4,10,0,0,15,0
8,2,15,15,4,10,0,0,15,6,0,7,7,0,6,0,0,0,0
5,1,2,2,0,6,0,0,1,34,1,109,109,5,44,0,0,17,0
7,1,11,11,3,8,0,1,9,4,1,2,2,1,5,0,0,3,0
3,2,19,19,1,4,0,0,15,7,1,11,11,3,8,0,1,9,0
8,1,7,7,0,9,0,0,3,4,1,3,3,1,13,1,0,3,0
7,1,11,11,3,8,0,1,9,3,0,4,4,0,4,0,0,1,0
3,0,4,4,0,4,0,0,1,5,1,10,10,1,7,0,0,4,0
4,1,10,10,2,7,0,0,5,5,1,2,2,1,23,0,0,3,0
7,1,11,11,3,8,0,1,9,8,1,0,0,0,9,0,0,1,0
8,2,15,15,4,10,0,0,15,11,1,11,11,2,12,0,1,11,0
2,2,7,7,0,5,0,0,7,0,1,0,0,0,1,0,0,6,0
5,1,15,15,1,6,1,0,7,0,1,1,1,0,1,0,0,100,0
2,1,9,9,1,3,0,0,3,5,9,29,29,0,18,0,0,5,0
8,1,18,18,2,10,1,0,5,0,0,4,4,0,0,0,0,3,0
4,1,0,0,0,9,0,1,1,5,1,4,4,1,15,0,0,4,0
3,1,7,7,1,4,0,0,3,1,1,3,3,1,2,0,0,3,0
4,0,2,2,0,4,0,0,0,2,0,17,17,1,2,1,0,12,0
13,3,31,31,2,17,0,0,24,0,0,6,6,0,2,0,0,2,0
6,1,2,2,0,8,0,0,1,0,4,4,4,1,7,0,0,4,0
2,1,2,2,0,6,1,1,1,2,2,2,2,1,10,0,0,4,0
3,2,6,6,3,8,0,0,8,1,0,8,8,0,2,0,0,0,0
3,0,7,7,1,3,0,0,3,2,2,2,2,1,10,0,0,4,0
14,3,22,22,3,18,0,0,15,3,1,0,0,0,6,0,0,3,0
0,2,0,0,0,3,0,0,3,0,1,1,1,0,1,0,0,100,0
1,3,0,0,1,5,1,1,2,14,3,21,21,3,18,0,0,15,0
4,0,2,2,0,4,0,0,0,2,0,2,2,1,2,0,1,3,0
0,0,1,1,0,2,0,0,1,0,1,1,1,0,1,0,0,100,0
15,1,5,5,1,21,0,1,5,3,0,2,2,1,3,0,1,6,0
2,2,2,2,1,10,0,0,4,7,1,2,2,0,9,0,0,1,0
4,0,3,3,0,4,0,0,2,4,2,16,16,3,7,0,0,13,0
5,1,4,4,1,7,0,0,6,4,0,5,5,0,4,0,0,0,0
3,0,5,5,0,3,0,0,1,3,1,1,1,0,4,0,1,4,0
3,0,8,8,1,4,0,0,4,7,1,11,11,3,8,0,1,9,0
2,1,9,9,1,3,0,0,3,1,0,0,0,0,1,0,1,1,0
2,1,4,4,2,6,0,0,4,3,1,13,13,1,4,0,0,3,0
1,0,4,4,0,2,0,0,1,3,4,6,6,3,10,0,0,8,0
3,2,8,8,1,6,0,0,5,0,0,3,3,0,1,0,0,3,0
0,4,4,4,1,7,0,0,4,3,1,3,3,1,8,0,0,3,0
10,0,6,6,0,11,0,0,1,4,4,7,7,0,11,1,1,15,0
3,2,19,19,1,4,0,0,15,2,1,10,10,2,5,0,0,5,0
1,1,0,0,0,2,0,0,2,6,1,4,4,2,21,0,0,5,0
0,0,2,2,0,0,0,2,1,35,1,105,105,5,45,0,0,17,0
2,0,15,15,4,8,0,2,11,33,1,72,72,1,36,0,1,55,0
1,0,6,6,2,1,0,1,7,4,0,0,0,0,5,0,0,0,0
11,0,11,11,2,11,1,0,5,2,1,6,6,1,5,0,0,3,0
11,1,11,11,2,12,0,1,11,1,1,2,2,0,2,0,0,2,0
4,0,5,5,0,4,0,0,0,2,5,7,7,1,11,0,0,15,0
6,0,12,12,2,13,0,0,3,7,1,4,4,1,13,0,0,8,0
8,1,18,18,1,10,0,0,11,3,1,4,4,0,4,1,0,1,0
1,1,6,6,1,3,0,0,7,4,1,13,13,2,5,0,0,11,0
1,3,0,0,1,5,1,1,2,5,1,13,13,1,6,0,0,7,0
7,1,2,2,1,9,0,1,3,6,1,6,6,0,17,1,2,1,0
5,1,8,8,2,6,0,0,4,34,1,105,105,5,44,0,0,17,0
8,6,15,15,0,18,3,0,3,3,1,1,1,0,4,1,0,3,0
4,0,6,6,0,4,0,0,0,4,1,2,2,0,5,0,0,4,0
34,1,105,105,5,44,0,0,17,8,1,13,13,2,18,0,0,5,0
5,1,17,17,0,6,0,0,1,1,4,3,3,0,6,0,0,11,0
2,0,4,4,3,17,0,0,7,0,1,4,4,1,3,0,1,6,0
5,0,28,28,0,7,0,0,5,4,1,2,2,0,6,1,0,1,0
4,0,2,2,0,8,0,0,0,0,1,0,0,0,5,0,0,4,0
0,1,3,3,0,1,0,1,1,3,1,9,9,3,5,0,0,8,0
0,1,1,1,0,1,0,0,100,0,2,2,2,1,2,0,0,4,0
6,2,8,8,1,7,0,0,10,7,1,6,6,0,8,0,1,7,0
3,1,12,12,0,6,0,0,5,1,0,7,7,2,1,0,1,5,0
0,1,3,3,0,3,0,0,1,3,4,6,6,3,10,0,0,8,0
0,3,18,18,0,4,0,0,11,7,1,11,11,3,8,0,1,9,0
2,2,2,2,1,10,0,0,4,6,1,4,4,2,21,0,0,5,0
1,3,0,0,1,5,1,1,2,34,1,109,109,5,44,0,0,17,0
6,1,17,17,1,16,0,0,7,0,0,2,2,2,0,0,1,3,0
1,0,3,3,0,1,0,1,1,0,1,0,0,0,5,0,0,4,0
5,1,0,0,0,6,0,2,1,4,2,3,3,0,7,0,0,3,0
4,1,2,2,2,5,0,0,4,3,4,6,6,3,10,0,0,8,0
5,1,16,16,1,3,0,0,3,0,1,1,1,0,1,0,0,100,0
7,1,11,11,3,8,0,1,9,3,1,4,4,0,4,1,0,1,0
0,1,1,1,0,1,0,0,100,3,0,0,0,0,3,0,0,0,0
6,2,0,0,0,10,1,0,2,2,5,7,7,1,11,0,0,15,0
6,1,0,0,0,7,0,1,2,1,1,7,7,1,3,0,0,7,0
4,0,0,0,0,5,0,0,0,7,3,10,10,2,11,0,0,7,0
4,1,2,2,2,5,0,0,4,4,1,21,21,1,7,0,0,11,0
3,1,5,5,4,27,0,0,12,3,1,0,0,0,12,1,0,1,0
6,1,11,11,0,7,1,0,4,9,1,12,12,0,6,0,0,1,0
4,1,1,1,0,6,1,0,1,8,2,37,37,1,15,1,1,10,0
7,1,11,11,3,8,0,1,9,5,9,29,29,0,18,0,0,5,0
35,1,105,105,5,45,0,0,17,6,1,12,12,6,7,0,0,13,0
9,1,16,16,0,18,0,0,1,0,1,2,2,1,3,0,1,5,0
4,1,3,3,1,7,1,0,3,1,0,3,3,2,1,0,1,4,0
1,0,0,0,0,2,0,0,0,1,1,6,6,1,3,0,0,7,0
5,2,4,4,0,8,0,0,9,2,1,11,11,0,6,0,0,3,0
1,1,0,0,0,2,0,0,2,2,2,7,7,0,5,0,0,7,0
3,1,1,1,0,14,1,3,3,6,1,0,0,0,7,0,0,1,0
3,2,8,8,1,7,0,0,6,7,1,11,11,3,8,0,1,9,0
2,0,0,0,0,4,0,0,3,14,3,8,8,0,20,0,1,5,0
3,2,8,8,1,6,0,0,5,3,4,6,6,3,10,0,0,8,0
5,1,4,4,1,7,0,0,6,1,0,6,6,1,2,0,0,7,0
2,4,16,16,1,8,0,0,9,1,1,1,1,1,3,0,0,3,0
2,1,8,8,2,3,0,0,7,7,1,4,4,1,13,0,0,8,0
11,1,11,11,2,12,0,1,11,6,0,10,10,2,6,0,0,5,0
4,1,14,14,2,6,0,0,7,11,0,11,11,2,11,1,0,5,0
6,0,12,12,2,13,0,0,3,2,3,3,3,0,5,0,0,5,0
3,2,13,13,4,9,0,0,11,4,1,1,1,0,5,0,0,1,0
0,2,2,2,1,2,0,0,4,1,0,1,1,0,2,0,0,1,0
0,1,3,3,0,3,0,0,1,2,1,4,4,0,3,0,0,5,0
1,0,8,8,0,2,0,0,0,1,2,5,5,0,4,0,0,5,0
6,1,14,14,1,6,0,0,7,0,3,1,1,0,3,0,0,5,0
0,1,14,14,0,1,0,0,12,58,1,16,16,3,8,0,0,13,0
14,3,21,21,3,18,0,0,15,5,1,17,17,0,13,0,0,5,0
3,1,3,3,1,9,0,0,3,9,1,12,12,0,6,0,0,1,0
9,2,0,0,0,11,0,0,3,4,2,3,3,0,7,0,0,3,0
3,1,13,13,1,4,0,0,3,7,1,2,2,0,9,0,0,1,0
4,1,15,15,2,4,0,0,9,2,1,6,6,1,5,0,0,3,0
4,3,3,3,0,8,1,0,3,11,1,44,44,4,13,0,0,21,0
0,2,0,0,0,3,0,0,2,7,3,10,10,2,11,0,0,7,0
0,0,2,2,0,0,0,2,1,4,1,14,14,1,5,0,0,5,0
5,1,8,8,2,6,0,0,4,1,0,0,0,0,1,0,0,1,0
2,0,4,4,3,17,0,0,7,2,1,0,0,0,3,0,0,1,0
0,1,0,0,0,1,1,0,1,7,1,11,11,3,8,0,1,9,0
7,1,6,6,1,9,0,0,3,1,0,2,2,1,1,0,2,2,0
4,1,8,8,1,5,0,2,9,4,1,2,2,1,5,0,0,3,0
1,3,26,26,3,5,0,0,17,3,1,2,2,1,4,1,0,3,0
1,3,26,26,3,5,0,0,17,5,1,16,16,1,3,0,0,3,0
2,0,0,0,0,4,0,0,3,0,3,9,9,0,3,0,0,16,0
5,1,0,0,0,6,0,2,1,3,0,7,7,1,11,0,0,10,0
9,1,17,17,0,10,0,0,7,3,0,0,0,0,3,0,0,0,0
8,2,15,15,4,10,0,0,15,3,0,0,0,0,3,0,0,2,0
0,0,8,8,1,1,0,1,2,0,1,1,1,0,2,0,0,5,0
8,2,15,15,4,10,0,0,15,2,1,3,3,1,7,0,0,3,0
3,4,6,6,3,10,0,0,8,10,0,6,6,0,11,0,0,1,0
7,1,2,2,0,9,0,0,1,4,0,4,4,0,5,0,0,1,0
6,1,2,2,1,11,0,0,4,2,0,1,1,1,3,0,0,2,0
0,4,4,4,1,7,0,0,4,4,1,6,6,2,6,0,0,4,0
7,1,4,4,1,13,0,0,8,1,0,6,6,2,1,0,1,7,0
1,4,3,3,0,6,0,0,11,18,1,15,15,2,8,0,0,9,0
1,3,2,2,0,4,0,0,5,3,1,2,2,0,4,1,0,1,0
15,1,5,5,1,21,0,1,5,3,1,1,1,0,4,0,1,4,0
15,1,5,5,0,4,1,0,1,6,1,8,8,1,7,0,1,9,0
0,0,4,4,0,0,0,0,3,1,0,6,6,2,1,0,1,7,0
2,5,7,7,1,11,0,0,15,2,2,4,4,0,5,0,0,5,0
4,0,3,3,0,4,0,0,2,3,3,15,15,2,7,0,0,13,0
7,3,10,10,2,11,0,0,7,0,1,1,1,0,1,0,0,100,0
8,1,13,13,2,18,0,0,5,4,3,5,5,0,5,1,0,1,0
4,1,13,13,2,5,0,0,11,2,1,0,0,0,3,0,0,4,0
4,1,8,8,1,6,0,0,3,0,3,5,5,0,3,0,0,7,0
7,1,17,17,2,7,0,0,6,4,0,6,6,0,4,0,0,0,0
4,1,3,3,1,13,1,0,3,4,2,15,15,2,13,0,0,8,0
3,1,10,10,2,4,0,0,9,34,1,109,109,5,44,0,0,17,0
4,1,2,2,0,5,0,0,4,2,4,16,16,1,8,0,0,9,0
4,1,2,2,1,17,0,0,3,7,1,11,11,3,8,0,1,9,0
1,0,0,0,0,1,0,0,0,1,0,3,3,2,1,0,1,4,0
1,0,2,2,1,1,0,2,2,13,1,19,19,4,14,0,0,9,0
33,1,17,17,4,11,0,0,7,3,2,8,8,1,7,0,0,6,0
2,1,4,4,1,11,0,0,8,4,1,14,14,1,5,0,0,5,0
2,1,3,3,0,3,0,0,5,12,1,37,37,4,22,0,0,18,0
8,1,8,8,3,18,0,1,8,6,1,4,4,2,21,0,0,5,0
7,1,11,11,3,8,0,1,9,7,1,11,11,3,8,0,1,9,0
10,3,27,27,2,12,0,0,23,6,1,0,0,0,7,0,0,1,0
4,1,3,3,0,6,0,0,1,15,1,14,14,1,6,0,0,5,0
6,1,4,4,2,21,0,0,5,5,3,0,0,0,9,0,1,1,0
1,0,3,3,0,1,0,1,1,1,0,6,6,0,2,0,0,0,0
0,0,2,2,0,0,0,0,1,3,1,0,0,0,4,0,0,1,0
6,0,12,12,2,13,0,0,3,8,2,15,15,4,10,0,0,15,0
5,1,2,2,1,6,0,0,3,3,1,3,3,1,9,0,0,3,0
2,1,6,6,1,5,1,0,3,5,0,10,10,1,4,0,0,2,0
6,1,0,0,0,7,0,0,1,2,0,0,0,0,2,0,4,1,0
4,1,4,4,1,15,0,0,4,0,1,1,1,0,1,0,0,100,0
4,1,21,21,1,7,0,0,11,2,0,37,37,0,5,0,0,2,0
4,1,2,2,1,17,0,0,3,1,2,5,5,0,4,0,0,5,0
7,1,11,11,3,8,0,1,9,0,0,2,2,0,0,0,2,1,0
6,0,6,6,0,6,0,0,0,4,1,2,2,1,17,0,0,3,0
35,2,9,9,3,17,0,0,13,0,0,1,1,0,0,0,0,1,0
3,0,0,0,0,3,0,0,0,1,0,0,0,0,1,0,1,1,0
7,1,11,11,3,8,0,1,9,15,1,14,14,1,6,0,0,5,0
16,1,29,29,2,27,1,0,7,2,1,4,4,1,4,0,0,3,0
0,2,0,0,0,3,0,0,3,4,1,2,2,1,5,0,0,3,0
0,0,1,1,0,0,0,0,1,22,1,0,0,0,7,0,0,1,0
2,1,8,8,1,4,0,0,9,1,0,17,17,0,1,0,0,17,0
5,1,4,4,1,6,1,0,4,0,1,3,3,0,1,0,1,1,0
15,1,5,5,0,4,1,0,1,3,1,0,0,0,12,1,0,1,0
7,1,11,11,3,8,0,1,9,1,1,2,2,2,8,1,0,3,0
4,1,2,2,1,17,0,0,3,1,4,3,3,0,6,0,0,11,0
7,1,11,11,3,8,0,1,9,4,1,0,0,0,5,0,0,3,0
1,2,5,5,0,4,0,0,5,1,0,4,4,0,2,0,0,0,0
7,1,11,11,3,8,0,1,9,2,2,3,3,1,5,0,0,5,0
1,4,3,3,0,7,0,0,11,3,3,5,5,0,6,0,0,7,0
7,1,4,4,2,20,0,0,5,7,1,15,15,0,10,1,0,1,0
5,1,9,9,3,8,0,0,11,0,1,1,1,0,1,0,0,100,0
31,1,0,0,0,11,0,0,1,4,2,3,3,0,7,0,0,3,0
6,0,6,6,0,6,0,0,0,9,1,33,33,4,12,0,1,10,0
4,0,3,3,0,4,0,0,2,1,0,4,4,0,2,0,0,0,0
7,1,11,11,3,8,0,1,9,5,1,20,20,1,6,0,0,9,0
0,1,1,1,0,1,0,0,99,2,1,10,10,2,5,0,0,5,0
6,1,6,6,0,17,1,2,1,3,0,5,5,0,3,0,0,1,0
3,1,12,12,3,5,0,0,8,4,3,55,55,0,7,0,0,39,0
5,1,9,9,3,8,0,0,11,5,9,29,29,0,18,0,0,5,0
8,1,7,7,0,9,0,0,3,1,1,2,2,0,2,0,0,2,0
4,1,14,14,1,5,0,0,5,2,1,2,2,1,5,0,0,7,0
6,1,7,7,0,7,0,1,7,1,2,5,5,0,4,0,0,5,0
0,1,2,2,0,1,0,0,3,0,1,2,2,1,3,0,1,5,0
3,1,7,7,1,4,0,0,3,1,0,4,4,0,2,0,0,0,0
5,1,0,0,0,6,0,2,1,3,0,5,5,0,3,0,0,1,0
11,1,14,14,3,7,0,0,9,1,4,3,3,0,6,0,0,11,0
5,2,4,4,0,8,0,0,9,0,1,0,0,0,1,1,0,1,0
3,1,3,3,1,8,0,0,3,0,0,2,2,0,0,0,0,4,0
6,1,4,4,2,21,0,0,5,22,1,0,0,0,7,0,0,1,0
5,1,2,2,1,6,0,0,3,3,2,8,8,1,7,0,0,6,0
2,2,7,7,0,5,0,0,7,3,4,6,6,3,10,0,0,8,0
8,1,8,8,3,18,0,1,8,7,1,3,3,0,8,1,0,1,0
5,1,17,17,1,6,0,0,9,6,1,0,0,0,12,0,0,2,0
1,0,4,4,0,2,0,0,1,7,1,11,11,3,8,0,1,9,0
4,1,3,3,1,13,1,0,3,8,1,8,8,3,18,0,1,8,0
2,1,4,4,2,6,0,0,4,0,4,4,4,1,7,0,0,4,0
2,4,16,16,1,8,0,0,9,5,2,4,4,0,8,0,0,9,0
14,1,26,26,4,15,0,0,15,7,1,4,4,1,13,0,0,8,0
3,3,3,3,1,7,0,0,3,1,1,2,2,2,8,1,0,3,0
3,2,8,8,1,6,0,0,5,1,0,0,0,0,1,0,1,1,0
4,1,21,21,1,7,0,0,11,5,0,28,28,0,7,0,0,5,0
1,1,2,2,1,3,0,0,3,1,0,7,7,2,1,0,1,5,0
4,1,0,0,0,5,0,0,2,2,4,16,16,1,8,0,0,9,0
3,1,7,7,1,4,0,0,3,6,1,2,2,1,11,0,0,4,0
6,1,12,12,6,7,0,0,13,3,1,1,1,1,6,0,1,4,0
3,0,7,7,1,3,0,0,3,8,1,8,8,0,9,0,0,3,0
0,1,0,0,0,1,0,0,6,6,1,2,2,0,7,1,0,1,0
1,1,4,4,1,6,0,0,11,1,1,7,7,1,2,0,0,5,0
5,1,0,0,0,7,1,0,1,2,3,0,0,0,5,0,1,3,0
3,0,5,5,0,3,0,0,1,3,0,1,1,0,3,0,0,1,0
3,0,2,2,0,2,0,0,0,0,0,4,4,0,0,0,2,1,0
3,0,4,4,1,3,0,1,5,4,1,6,6,1,5,1,0,4,0
2,1,4,4,2,6,0,0,4,5,1,2,2,1,6,1,0,5,0
0,2,0,0,0,3,0,0,3,5,0,28,28,0,7,0,0,5,0
0,1,34,34,0,16,0,0,8,0,1,6,6,1,2,0,0,5,0
0,1,1,1,0,1,0,0,100,5,1,2,2,1,6,0,0,3,0
5,2,4,4,0,8,0,0,9,1,1,2,2,2,8,1,0,3,0
4,1,14,14,2,6,0,0,7,1,0,2,2,0,2,0,0,0,0
2,1,10,10,1,3,1,0,3,0,1,7,7,0,1,0,0,7,0
3,1,5,5,4,27,0,0,12,4,0,4,4,0,5,0,0,1,0
7,1,0,0,0,19,2,2,2,6,1,5,5,1,14,0,0,4,0
6,1,4,4,2,21,0,0,5,15,1,0,0,0,5,1,0,1,0
6,1,4,4,2,21,0,0,5,2,0,2,2,1,2,0,1,3,0
2,0,2,2,1,2,0,1,3,4,1,2,2,1,17,0,0,3,0
3,0,1,1,0,3,0,0,1,2,4,16,16,1,8,0,0,9,0
7,1,10,10,2,9,0,0,9,4,1,13,13,2,5,0,0,11,0
4,1,4,4,1,15,0,0,4,2,3,0,0,0,6,1,0,2,0
3,1,0,0,0,6,0,0,3,3,1,2,2,2,10,0,0,4,0
8,6,15,15,0,18,3,0,3,1,0,9,9,0,2,1,0,13,0
10,0,6,6,0,11,0,0,1,5,1,0,0,0,8,1,1,2,0
5,1,2,2,1,10,1,0,3,2,0,0,0,1,11,0,1,3,0
6,2,8,8,1,7,0,0,10,4,1,0,0,0,9,1,0,1,0
7,1,4,4,1,13,0,0,8,0,1,14,14,0,1,0,0,12,0
11,1,11,11,2,12,0,1,11,9,1,6,6,1,10,1,0,3,0
2,2,8,8,1,6,0,0,6,4,1,6,6,0,5,0,1,1,0
1,0,0,0,0,1,0,1,1,2,1,4,4,1,3,1,0,3,0
6,1,4,4,2,21,0,0,5,4,1,7,7,1,5,0,0,3,0
2,1,1,1,0,3,0,1,1,0,0,20,20,0,0,0,1,3,0
0,1,1,1,0,1,0,0,99,1,1,12,12,1,3,0,0,6,0
7,1,2,2,0,9,0,0,1,4,1,13,13,2,5,0,0,11,0
6,3,11,11,2,10,0,0,10,3,2,8,8,1,6,0,0,5,0
5,1,4,4,1,15,0,0,4,6,1,12,12,2,16,1,0,12,0
1,1,0,0,0,2,0,0,2,2,0,4,4,1,2,0,1,3,0
12,1,37,37,4,22,0,0,18,6,1,0,0,0,7,0,1,2,0
0,1,7,7,0,1,0,0,7,1,0,6,6,2,1,0,1,7,0
6,2,9,9,0,10,0,0,4,1,0,0,0,0,1,0,0,1,0
3,2,8,8,1,7,0,0,6,2,1,9,9,1,3,0,0,3,0
0,2,0,0,0,3,0,0,2,1,0,8,8,0,2,0,0,0,0
1,2,0,0,0,3,0,0,3,8,1,18,18,1,10,0,0,11,0
18,1,7,7,1,7,1,0,5,7,1,2,2,1,16,1,0,3,0
11,1,43,43,4,13,0,0,21,19,1,19,19,4,10,0,0,14,0
11,1,11,11,2,12,0,1,11,5,1,17,17,1,6,0,0,9,0
8,1,8,8,3,18,0,1,8,0,1,6,6,1,2,0,0,5,0
9,2,2,2,0,10,0,1,1,0,2,0,0,0,3,0,0,2,0
2,0,17,17,1,2,1,0,12,4,3,55,55,0,7,0,0,39,0
3,1,3,3,1,9,0,0,3,3,1,7,7,1,4,0,0,3,0
4,2,17,17,3,7,0,0,13,4,1,0,0,0,5,0,0,1,0
5,1,4,4,1,15,0,0,4,7,1,11,11,3,8,0,1,9,0
4,1,2,2,2,18,0,0,4,0,0,6,6,0,2,0,0,2,0
0,2,2,2,1,2,0,0,4,4,1,6,6,0,5,0,1,1,0
3,0,3,3,1,4,0,0,2,4,1,5,5,1,8,1,0,5,0
33,1,72,72,1,36,0,1,55,1,4,3,3,0,7,0,0,11,0
3,1,7,7,1,4,0,0,3,10,1,14,14,4,12,0,0,10,0
3,1,7,7,1,4,0,0,3,2,1,4,4,0,3,0,0,5,0
6,0,12,12,2,13,0,0,3,0,0,4,4,0,0,0,0,3,0
4,1,1,1,1,6,0,0,2,15,1,3,3,1,3,0,0,3,0
4,1,0,0,0,5,0,0,2,0,0,1,1,0,0,0,0,1,0
1,2,2,2,0,6,0,0,4,7,1,29,29,3,9,0,0,11,0
4,1,14,14,2,6,0,0,7,3,1,2,2,1,4,1,0,3,0
4,1,4,4,1,15,0,0,4,0,4,4,4,1,7,0,0,4,0
5,0,28,28,0,7,0,0,5,1,1,7,7,0,4,0,1,6,0
1,1,12,12,0,5,0,0,15,2,1,10,10,1,3,1,0,3,0
0,3,3,3,1,4,0,0,8,0,1,1,1,0,1,0,0,99,0
2,0,0,0,1,11,0,1,3,2,2,4,4,0,5,0,0,5,0
6,2,8,8,1,7,0,0,10,3,2,8,8,1,7,0,0,6,0
7,1,26,26,2,6,0,0,7,2,1,6,6,2,4,0,0,7,0
6,1,5,5,1,14,0,0,4,1,1,4,4,1,6,0,0,11,0
19,1,19,19,4,10,0,0,14,5,1,2,2,1,6,0,0,3,0
1,2,1,1,0,3,0,0,9,7,1,11,11,3,8,0,1,9,0
3,2,2,2,1,17,0,0,4,0,1,0,0,0,1,0,0,6,0
4,1,0,0,0,6,1,0,1,20,1,2,2,2,28,0,1,7,0
0,1,30,30,0,1,0,0,1,4,1,2,2,0,6,1,0,1,0
0,4,4,4,1,7,0,0,4,4,2,8,8,1,7,0,0,5,0
11,1,11,11,2,12,0,1,11,3,0,5,5,0,3,0,0,1,0
6,1,0,0,0,7,0,0,1,6,2,8,8,1,7,0,0,10,0
18,1,14,14,3,9,0,0,9,0,0,1,1,0,0,0,0,1,0
1,1,0,0,0,2,0,0,2,4,1,6,6,2,6,0,0,4,0
2,4,16,16,1,8,0,0,9,8,1,7,7,0,9,0,0,3,0
3,1,2,2,1,4,0,0,4,2,1,1,1,0,8,1,3,3,0
5,1,0,0,0,7,1,0,1,5,1,9,9,3,8,0,0,11,0
6,2,8,8,1,7,0,0,10,4,1,4,4,1,15,0,0,4,0
7,1,0,0,2,32,0,0,3,3,2,8,8,1,7,0,0,6,0
5,1,0,0,0,12,0,0,1,1,0,8,8,0,2,0,0,0,0
0,1,1,1,0,1,0,0,100,3,2,8,8,1,7,0,0,6,0
1,1,0,0,0,2,0,1,2,2,1,3,3,0,3,0,0,5,0
33,2,29,29,3,21,0,2,25,3,1,12,12,0,6,0,0,5,0
4,1,5,5,1,5,0,0,3,3,4,6,6,3,10,0,0,8,0
5,1,23,23,2,6,1,1,17,1,4,3,3,0,7,0,0,11,0
4,1,6,6,0,5,0,1,1,4,1,0,0,0,5,0,0,1,0
6,1,4,4,2,21,0,0,5,7,1,11,11,3,8,0,1,9,0
2,1,2,2,0,6,1,1,1,0,1,3,3,0,1,0,1,1,0
3,4,7,7,3,10,0,0,8,6,0,7,7,0,7,0,0,2,0
2,1,6,6,1,5,0,0,3,7,0,1,1,1,26,0,0,6,0
3,1,1,1,0,4,1,0,1,5,0,0,0,0,5,0,0,0,0
4,1,0,0,0,8,1,0,2,2,3,3,3,0,5,0,0,5,0
2,0,10,10,3,7,0,0,10,4,1,0,0,0,5,0,0,2,0
1,1,1,1,0,2,0,0,2,1,0,0,0,0,1,0,1,1,0
35,2,9,9,3,17,0,0,13,1,0,1,1,0,1,0,1,1,0
1,1,2,2,1,3,0,0,5,1,2,6,6,1,4,0,1,15,0
4,2,3,3,0,7,0,0,3,1,0,4,4,0,2,0,0,0,0
4,1,2,2,1,5,0,0,3,1,4,3,3,0,7,0,0,11,0
2,0,4,4,3,17,0,0,7,15,1,3,3,1,3,0,0,3,0
5,1,4,4,1,7,0,0,6,0,1,7,7,0,1,0,0,7,0
0,0,2,2,0,0,0,0,4,5,1,20,20,1,6,0,0,9,0
0,2,4,4,0,6,0,0,1,7,1,11,11,3,8,0,1,9,0
2,1,8,8,1,4,0,0,9,5,2,4,4,0,8,0,0,9,0
3,0,0,0,0,3,0,0,2,35,1,17,17,4,11,0,0,7,0
1,0,3,3,2,1,0,1,4,3,1,3,3,1,8,0,0,3,0
4,3,3,3,0,8,1,0,3,7,1,2,2,0,9,0,0,1,0
6,0,2,2,0,8,0,0,1,1,1,1,1,1,3,0,0,3,0
6,1,11,11,0,7,1,0,4,1,3,26,26,3,5,0,0,17,0
1,0,0,0,0,1,0,1,1,2,1,0,0,0,3,0,0,1,0
0,1,1,1,0,1,0,0,100,7,1,3,3,0,8,0,0,5,0
1,0,17,17,0,1,0,0,17,3,0,3,3,1,4,0,0,2,0
4,1,3,3,1,7,1,0,3,6,3,11,11,2,10,0,0,10,0
0,3,9,9,0,3,0,0,16,6,0,6,6,0,6,0,0,0,0
35,1,105,105,5,45,0,0,17,6,1,0,0,0,7,0,0,1,0
2,1,3,3,0,4,0,0,2,11,1,11,11,2,12,0,1,11,0
6,0,10,10,2,6,0,0,5,6,2,8,8,1,7,0,0,10,0
3,1,7,7,1,4,0,0,3,0,0,9,9,0,1,0,0,2,0
34,1,105,105,5,44,0,0,17,4,0,4,4,0,5,0,0,1,0
3,0,4,4,0,4,0,0,1,3,1,9,9,0,8,0,0,2,0
3,1,1,1,1,5,0,0,3,1,4,3,3,0,6,0,0,11,0
4,1,3,3,1,7,1,0,3,34,1,105,105,5,44,0,0,17,0
5,0,0,0,0,5,0,0,0,8,1,8,8,3,18,0,1,8,0
4,1,5,5,1,14,0,0,4,4,0,0,0,0,6,0,0,0,0
34,2,10,10,3,16,0,0,13,1,1,6,6,1,3,0,0,7,0
1,0,0,0,0,1,0,0,1,3,1,9,9,3,5,0,0,8,0
0,0,6,6,0,2,0,0,2,7,1,0,0,0,19,2,2,2,0
6,0,7,7,0,7,0,0,2,1,1,0,0,0,2,0,0,2,0
2,1,23,23,0,6,0,0,5,1,2,0,0,0,3,0,2,3,0
3,1,2,2,1,4,1,0,3,0,2,0,0,0,3,0,0,3,0
2,1,1,1,1,7,0,0,3,0,2,0,0,0,3,0,0,3,0
3,1,7,7,1,4,0,0,3,7,1,11,11,3,8,0,1,9,0
6,0,12,12,2,13,0,0,3,4,2,9,9,1,7,1,0,11,0
2,1,3,3,2,6,0,0,4,2,2,1,1,0,4,0,0,2,0
8,1,8,8,3,18,0,1,8,3,0,0,0,0,4,0,0,0,0
3,2,13,13,4,9,0,0,11,10,3,27,27,2,12,0,0,23,0
1,0,17,17,0,1,0,0,17,1,0,9,9,0,2,1,0,13,0
3,1,3,3,1,9,0,0,3,2,0,0,0,0,4,0,0,0,0
1,0,1,1,0,2,0,0,1,4,1,7,7,1,5,0,0,3,0
4,1,21,21,1,7,0,0,11,0,2,2,2,1,2,0,0,4,0
0,3,9,9,0,3,0,0,16,4,0,6,6,0,4,0,0,0,0
1,0,4,4,0,2,0,0,0,9,2,4,4,0,12,0,1,3,0
0,1,2,2,1,3,0,1,5,4,2,15,15,2,13,0,0,8,0
2,2,8,8,1,6,0,0,6,3,1,0,0,0,12,1,0,1,0
2,2,1,1,0,4,0,0,2,22,1,0,0,0,7,0,0,1,0
8,2,37,37,1,15,1,1,10,5,0,28,28,0,7,0,0,5,0
0,1,2,2,0,1,0,0,2,4,1,0,0,0,6,0,1,1,0
0,0,1,1,0,0,0,0,1,0,3,18,18,0,4,0,0,11,0
5,1,2,2,1,6,0,0,3,7,1,11,11,3,8,0,1,9,0
0,1,3,3,0,3,0,0,1,11,1,43,43,4,13,0,0,21,0
3,2,8,8,1,7,0,0,6,3,1,12,12,3,4,0,0,9,0
1,1,6,6,1,3,0,0,7,5,3,0,0,0,9,0,1,1,0
6,1,12,12,2,8,0,0,9,4,1,21,21,1,8,0,0,11,0
5,1,0,0,0,7,1,0,1,11,1,11,11,2,12,0,1,11,0
4,3,55,55,0,7,0,0,39,1,1,12,12,1,3,0,0,6,0
3,1,3,3,1,9,0,0,3,8,2,15,15,4,10,0,0,15,0
7,1,2,2,0,9,0,0,1,4,1,14,14,2,6,0,0,7,0
4,1,2,2,1,5,0,0,3,0,1,2,2,1,3,0,1,5,0
2,1,4,4,1,4,1,0,3,0,0,0,0,1,5,0,2,3,0
4,1,0,0,0,5,0,0,1,9,2,2,2,0,10,0,1,1,0
5,1,19,19,0,8,0,0,4,5,1,0,0,0,7,1,0,1,0
3,1,12,12,3,5,0,0,8,1,0,4,4,0,2,0,0,1,0
0,3,3,3,1,4,0,0,8,8,1,18,18,1,10,0,0,11,0
3,4,6,6,3,10,0,0,8,3,0,9,9,1,3,0,0,15,0
4,1,21,21,1,7,0,0,11,0,1,1,1,0,1,0,0,100,0
4,1,20,20,0,5,0,0,1,4,1,1,1,0,5,0,0,1,0
0,1,2,2,1,3,0,1,5,4,2,17,17,3,7,0,0,13,0
5,1,8,8,1,6,0,0,5,0,1,12,12,0,3,0,0,1,0
5,1,22,22,3,5,0,0,10,2,1,8,8,1,4,0,0,9,0
5,1,10,10,1,16,0,0,13,0,1,1,1,0,1,0,0,100,0
4,2,1,1,2,9,0,0,6,7,1,2,2,1,16,1,0,3,0
4,1,0,0,0,5,0,0,1,4,1,21,21,1,7,0,0,11,0
1,0,4,4,0,2,0,0,0,18,1,15,15,2,8,0,0,9,0
7,1,12,12,2,7,0,0,9,3,2,8,8,1,7,0,0,6,0
4,1,3,3,0,7,1,0,5,0,4,4,4,1,7,0,0,4,0
1,0,3,3,2,1,0,1,4,3,1,0,0,0,12,1,0,1,0
0,2,0,0,0,3,0,0,2,11,0,11,11,2,11,1,0,5,0
3,2,0,0,0,5,0,0,2,5,0,28,28,0,7,0,0,5,0
15,1,0,0,0,5,1,0,1,3,0,7,7,1,11,0,0,10,0
4,3,0,0,0,10,1,0,1,6,0,10,10,2,6,0,0,5,0
1,2,5,5,1,6,0,0,7,2,1,10,10,2,5,0,0,5,0
2,1,0,0,0,3,0,0,1,3,2,6,6,3,8,0,0,8,0
8,1,0,0,0,9,0,0,1,22,1,0,0,0,7,0,0,1,0
0,0,9,9,0,1,0,0,2,6,0,10,10,2,6,0,0,5,0
3,4,7,7,3,10,0,0,8,2,1,7,7,1,4,0,0,7,0
11,1,11,11,2,12,0,1,11,4,1,2,2,1,5,0,0,3,0
5,0,4,4,0,6,0,0,0,7,1,11,11,3,8,0,1,9,0
5,1,4,4,1,15,0,0,4,0,0,9,9,0,1,0,0,2,0
9,1,6,6,1,10,1,0,3,4,1,2,2,0,5,0,0,4,0
0,3,4,4,0,3,1,0,6,0,1,2,2,1,3,0,1,5,0
7,1,11,11,3,8,0,1,9,8,1,0,0,0,9,0,0,1,0
3,0,1,1,0,3,0,0,1,5,1,2,2,1,6,0,0,3,0
3,1,9,9,0,8,0,0,2,2,4,16,16,1,8,0,0,9,0
1,0,8,8,0,2,0,0,0,35,2,9,9,3,17,0,0,13,0
4,1,0,0,0,5,0,0,3,14,3,21,21,3,18,0,0,15,0
4,0,6,6,0,4,0,0,0,1,0,0,0,0,1,0,1,1,0
4,1,0,0,0,5,0,0,1,1,1,0,0,0,2,0,0,2,0
0,1,20,20,0,1,0,0,12,11,0,11,11,2,11,1,0,5,0
1,0,3,3,0,1,0,1,1,5,1,4,4,1,6,1,0,4,0
2,0,11,11,1,5,0,0,3,1,2,0,0,0,3,0,2,3,0
8,1,0,0,0,13,0,0,1,3,0,2,2,0,2,0,0,0,0
2,0,11,11,1,4,0,0,3,1,0,1,1,1,2,0,0,1,0
1,1,0,0,0,2,0,0,2,1,0,0,0,0,1,0,1,1,0
7,1,11,11,3,8,0,1,9,1,2,8,8,0,4,0,0,3,0
5,1,10,10,1,7,0,0,4,6,1,0,0,0,12,0,0,2,0
5,1,2,2,1,6,0,0,3,13,3,31,31,2,17,0,0,24,0
1,2,1,1,0,3,0,0,9,1,1,2,2,0,2,0,0,2,0
1,1,4,4,1,6,0,0,11,0,2,2,2,1,2,0,0,4,0
1,0,3,3,0,1,0,1,1,0,1,1,1,0,1,0,0,100,0
3,0,0,0,0,4,0,0,0,2,1,1,1,1,7,0,0,3,0
1,2,5,5,0,4,0,0,5,0,1,1,1,0,1,0,0,100,0
5,1,20,20,1,6,0,0,9,5,0,1,1,0,7,0,0,0,0
15,1,16,16,2,6,0,0,7,0,1,2,2,0,1,0,0,3,0
1,0,6,6,2,1,0,1,7,6,1,12,12,2,16,1,0,12,0
7,1,11,11,3,8,0,1,9,7,1,6,6,0,8,0,1,7,0
3,4,6,6,3,10,0,0,8,1,0,2,2,1,1,0,2,2,0
1,0,4,4,0,2,0,0,1,0,3,1,1,0,3,0,0,5,0
5,5,9,9,2,12,0,0,15,4,1,14,14,1,5,0,0,5,0
4,1,6,6,0,5,0,1,1,1,0,4,4,0,2,0,0,0,0
3,1,13,13,1,4,0,0,3,3,1,3,3,2,8,0,0,6,0
5,1,2,2,1,6,0,0,3,0,3,9,9,0,3,0,0,16,0
11,0,11,11,2,11,1,0,5,4,1,0,0,0,8,1,0,2,0
5,1,16,16,0,8,0,0,4,12,1,17,17,3,15,0,0,9,0
5,1,17,17,0,6,0,0,1,3,2,8,8,1,7,0,0,6,0
4,4,7,7,0,11,1,1,15,5,1,17,17,0,6,0,0,1,0
1,2,5,5,1,6,0,0,7,3,2,2,2,1,17,0,0,4,0
6,0,7,7,0,6,0,0,0,6,1,12,12,6,7,0,0,13,0
3,2,2,2,1,17,0,0,4,4,0,6,6,0,4,0,0,0,0
5,0,4,4,0,6,0,0,0,6,1,12,12,6,7,0,0,13,0
0,1,1,1,0,1,0,0,99,5,1,2,2,1,6,1,0,5,0
4,1,4,4,1,15,0,0,4,2,1,3,3,0,4,0,0,2,0
3,0,2,2,0,2,0,0,0,0,0,4,4,0,0,0,2,1,0
2,1,3,3,0,3,0,0,5,1,0,4,4,0,2,0,0,0,0
4,1,14,14,2,5,0,0,7,1,0,0,0,0,1,0,1,1,0
2,0,4,4,3,17,0,0,7,5,1,4,4,1,7,0,1,3,0
7,1,16,16,3,8,0,0,11,33,1,72,72,1,36,0,1,55,0
1,0,4,4,0,2,0,0,0,1,1,6,6,0,3,0,1,6,0
2,2,8,8,1,6,0,0,6,1,0,4,4,1,1,0,2,5,0
4,1,1,1,0,6,0,2,1,4,2,15,15,2,13,0,0,8,0
3,2,8,8,1,6,0,0,5,2,1,4,4,2,6,0,0,4,0
1,0,0,0,0,1,0,0,1,2,4,16,16,1,8,0,0,9,0
6,3,11,11,2,10,0,0,10,1,0,2,2,1,1,0,2,2,0
9,11,19,19,2,25,4,0,8,4,1,15,15,2,4,0,0,9,0
8,2,15,15,4,10,0,0,15,7,1,11,11,3,8,0,1,9,0
4,1,13,13,2,5,0,0,11,4,1,3,3,0,7,1,0,5,0
3,4,6,6,3,10,0,0,8,6,0,10,10,2,6,0,0,5,0
4,1,10,10,1,4,0,0,9,4,2,3,3,0,7,0,0,3,0
1,4,3,3,0,7,0,0,11,0,2,0,0,0,3,0,0,2,0
5,2,4,4,0,8,0,0,9,2,1,7,7,1,3,0,0,3,0
22,1,0,0,0,7,0,0,1,5,1,0,0,0,12,0,0,1,0
0,3,9,9,0,3,0,0,16,3,2,8,8,1,7,0,0,6,0
27,3,4,4,3,32,0,0,5,3,2,8,8,1,7,0,0,6,0
0,1,1,1,0,1,0,0,100,1,0,6,6,2,1,0,1,7,0
1,1,12,12,0,5,0,0,15,0,0,2,2,0,0,0,0,4,0
3,0,0,0,0,3,0,0,2,5,1,17,17,0,13,0,0,5,0
8,1,0,0,0,13,0,0,1,4,0,0,0,0,6,0,0,0,0
0,1,0,0,0,1,1,0,1,0,0,4,4,0,0,0,0,3,0
0,10,3,3,0,12,0,0,4,3,2,1,1,0,5,0,1,1,0
1,0,1,1,0,1,0,0,0,2,4,16,16,1,8,0,0,9,0
3,0,4,4,0,4,0,0,1,2,3,0,0,0,5,0,1,3,0
1,1,7,7,1,3,0,0,7,8,1,24,24,4,12,0,0,9,0
8,2,15,15,4,10,0,0,15,1,0,2,2,1,1,0,2,2,0
4,1,6,6,0,5,0,1,1,3,1,12,12,3,4,0,0,9,0
7,1,11,11,3,8,0,1,9,6,1,5,5,1,14,0,0,4,0
0,1,0,0,0,1,0,0,6,3,2,12,12,3,18,0,0,12,0
3,0,2,2,0,2,0,0,0,7,1,11,11,3,8,0,1,9,0
0,0,8,8,1,1,0,1,2,2,1,0,0,0,7,1,0,1,0
1,4,3,3,0,7,0,0,11,4,1,6,6,1,5,0,1,4,0
6,0,4,4,0,7,0,0,0,3,2,13,13,4,9,0,0,11,0
0,1,3,3,0,3,0,0,1,4,0,7,7,0,4,0,0,0,0
5,1,2,2,1,6,1,0,5,4,1,20,20,0,5,0,0,1,0
4,1,4,4,1,15,0,0,4,3,1,7,7,1,4,0,0,3,0
7,1,0,0,0,19,2,2,2,34,1,105,105,5,44,0,0,17,0
6,1,2,2,0,8,0,0,1,0,2,0,0,0,3,0,0,2,0
5,2,16,16,3,23,0,0,12,0,1,0,0,0,1,0,0,6,0
3,1,3,3,1,9,0,0,3,2,1,2,2,1,4,0,0,5,0
6,1,0,0,0,7,0,0,1,2,1,3,3,1,7,0,0,3,0
4,1,1,1,0,6,1,0,1,1,2,5,5,1,6,0,0,7,0
5,0,1,1,0,7,0,0,0,0,1,2,2,1,3,0,1,5,0
4,1,3,3,1,13,1,0,3,35,2,9,9,3,17,0,0,13,0
11,1,11,11,2,12,0,1,11,5,1,13,13,1,6,0,0,7,0
4,1,0,0,0,5,0,0,2,2,1,5,5,0,3,0,0,6,0
1,1,7,7,0,5,0,0,1,1,1,0,0,0,2,0,0,2,0
2,1,3,3,1,7,0,0,3,0,6,1,1,0,10,3,0,3,0
0,1,1,1,0,1,0,0,99,5,1,6,6,0,6,0,0,1,0
1,1,7,7,1,2,0,0,5,1,0,6,6,2,1,0,1,7,0
2,1,1,1,0,8,1,3,3,1,0,0,0,0,1,0,0,1,0
11,1,11,11,2,12,0,1,11,3,0,5,5,0,3,0,0,1,0
3,1,14,14,0,4,0,0,3,35,1,105,105,5,45,0,0,17,0
15,1,14,14,1,6,0,0,5,1,1,2,2,1,3,0,0,3,0
0,0,9,9,0,1,0,0,2,1,0,0,0,0,1,0,0,1,0
0,0,4,4,0,0,0,2,1,8,1,0,0,0,9,0,0,1,0
9,1,12,12,0,6,0,0,1,4,1,15,15,2,5,0,0,13,0
4,4,7,7,0,11,1,1,15,1,1,0,0,0,2,0,1,2,0
4,1,20,20,0,5,0,0,1,6,1,12,12,6,7,0,0,13,0
2,1,4,4,1,4,0,0,3,2,1,0,0,0,3,0,0,1,0
5,0,28,28,0,7,0,0,5,4,1,7,7,1,5,0,0,3,0
7,1,2,2,0,9,0,0,1,1,3,0,0,1,5,1,1,2,0
3,2,1,1,0,5,0,1,1,1,2,8,8,0,4,0,0,3,0
2,1,7,7,1,3,0,0,3,4,1,7,7,1,5,0,0,3,0
0,1,0,0,0,1,1,0,1,1,0,6,6,2,1,0,1,7,0
4,2,1,1,2,9,0,0,6,8,2,15,15,4,10,0,0,15,0
18,1,14,14,3,9,0,0,9,4,1,1,1,0,5,0,1,1,0
6,1,11,11,0,7,1,0,4,1,0,8,8,0,2,0,0,0,0
1,0,1,1,1,2,0,0,1,0,0,2,2,0,0,0,0,4,0
2,1,0,0,0,3,0,0,1,1,3,26,26,3,5,0,0,17,0
7,1,4,4,1,13,0,0,8,11,1,23,23,5,12,1,0,15,0
1,1,3,3,1,2,0,0,3,3,0,4,4,1,3,0,1,5,0
1,1,6,6,1,3,0,0,7,3,1,1,1,0,4,0,1,4,0
5,1,9,9,3,8,0,0,11,5,1,0,0,0,7,1,0,1,0
4,0,3,3,0,4,0,0,2,5,1,19,19,0,8,0,0,4,0
0,0,2,2,0,0,0,0,4,3,1,0,0,0,5,0,1,1,0
0,2,0,0,0,3,0,0,3,3,2,8,8,1,7,0,0,6,0
8,1,8,8,3,18,0,1,8,1,0,6,6,2,1,0,1,7,0
4,1,0,0,0,8,1,0,2,15,1,16,16,2,6,0,0,7,0
7,1,11,11,3,8,0,1,9,8,6,15,15,0,18,3,0,3,0
14,3,21,21,3,18,0,0,15,6,1,11,11,0,7,1,0,4,0
4,1,0,0,0,5,0,0,2,9,1,12,12,0,6,0,0,1,0
2,1,0,0,0,7,1,0,1,4,1,2,2,2,14,0,3,7,0
4,1,13,13,2,5,0,0,11,6,1,11,11,0,7,1,0,4,0
6,1,3,3,1,7,0,0,4,6,1,2,2,0,8,0,0,1,0
5,1,17,17,0,13,0,0,5,8,1,0,0,0,9,0,0,1,0
2,1,0,0,0,3,0,0,1,6,1,17,17,1,16,0,0,7,0
1,2,5,5,0,4,0,0,5,0,1,3,3,0,1,0,1,1,0
1,0,6,6,2,1,0,1,7,1,0,0,0,0,1,0,0,1,0
8,1,18,18,1,10,0,0,11,5,1,4,4,1,7,0,0,6,0
1,1,0,0,0,2,0,0,2,6,2,8,8,1,7,0,0,10,0
13,2,26,26,4,15,1,4,28,0,3,0,0,1,4,0,0,2,0
3,2,6,6,3,9,0,0,8,3,4,4,4,0,11,0,0,4,0
4,2,8,8,1,7,0,0,5,6,2,9,9,0,10,0,0,4,0
1,2,5,5,0,4,0,0,5,20,1,2,2,2,28,0,1,7,0
4,1,0,0,0,6,1,0,1,11,1,43,43,4,13,0,0,21,0
13,3,31,31,2,17,0,0,24,3,1,2,2,2,10,0,0,4,0
0,1,7,7,0,1,0,0,7,0,0,1,1,0,0,0,0,1,0
8,1,0,0,0,9,0,0,1,4,1,21,21,1,7,0,0,11,0
3,0,2,2,0,2,0,0,0,1,0,0,0,0,1,0,0,0,0
3,1,5,5,4,27,0,0,12,3,1,1,1,0,4,1,0,3,0
11,0,11,11,2,11,1,0,5,0,1,1,1,0,1,0,0,99,0
2,0,2,2,1,2,0,1,3,1,0,6,6,2,1,0,1,7,0
3,2,8,8,1,7,0,0,6,5,1,6,6,0,6,0,0,1,0
2,2,1,1,0,4,0,0,2,1,0,5,5,0,2,0,0,0,0
7,1,11,11,3,8,0,1,9,1,0,4,4,0,2,0,0,0,0
9,1,17,17,0,10,0,0,7,5,1,6,6,0,6,0,0,1,0
3,2,19,19,1,4,0,0,15,0,2,0,0,0,3,0,0,2,0
0,5,0,0,0,6,0,0,1,1,1,7,7,0,5,0,0,1,0
5,1,16,16,1,3,0,0,3,0,4,4,4,1,7,0,0,4,0
4,1,14,14,2,5,0,0,7,5,2,6,6,2,7,0,0,6,0
4,2,3,3,0,7,0,0,3,4,1,0,0,0,8,1,0,2,0
2,2,1,1,0,4,0,0,2,3,2,8,8,1,7,0,0,6,0
3,2,1,1,0,5,0,1,1,2,1,1,1,0,8,1,3,3,0
1,4,3,3,0,6,0,0,11,4,2,1,1,2,9,0,0,6,0
7,3,10,10,2,11,0,0,7,5,0,28,28,0,7,0,0,5,0
17,1,22,22,4,10,0,0,15,4,1,0,0,0,7,0,1,2,0
0,4,4,4,1,7,0,0,4,0,1,2,2,1,3,0,1,5,0
1,0,6,6,1,2,0,0,7,2,1,3,3,1,7,0,0,3,0
3,2,8,8,1,6,0,0,5,3,1,5,5,4,27,0,0,12,0
9,1,33,33,4,12,0,1,10,10,3,27,27,2,12,0,0,23,0
1,0,8,8,0,2,0,0,0,3,1,9,9,0,8,0,0,2,0
5,1,9,9,3,8,0,0,11,3,4,7,7,3,10,0,0,8,0
4,1,14,14,2,6,0,0,7,4,1,2,2,1,5,0,0,3,0
2,2,5,5,0,5,0,0,3,7,1,2,2,0,9,0,0,1,0
1,2,2,2,0,6,0,0,4,5,0,1,1,0,7,0,0,0,0
1,0,6,6,2,1,0,1,7,3,1,1,1,1,5,0,0,3,0
11,1,43,43,4,13,0,0,21,3,1,7,7,1,4,0,0,3,0
2,2,1,1,0,4,0,0,2,6,1,23,23,4,7,0,0,9,0
1,0,4,4,0,2,0,0,0,4,1,5,5,1,14,0,0,4,0
2,1,1,1,0,8,1,3,3,0,1,3,3,0,3,0,0,1,0
4,1,4,4,1,15,0,0,4,8,1,18,18,1,10,0,0,11,0
1,1,0,0,0,4,0,0,1,2,1,3,3,0,3,0,0,5,0
6,1,4,4,2,21,0,0,5,7,1,2,2,0,9,0,0,1,0
5,1,10,10,1,16,0,0,13,5,1,16,16,1,3,0,0,3,0
2,1,6,6,1,5,0,0,3,0,0,1,1,0,2,0,0,1,0
3,2,8,8,1,7,0,0,6,4,3,55,55,0,7,0,0,39,0
6,2,8,8,1,7,0,0,10,3,2,8,8,1,6,0,0,5,0
2,1,4,4,1,4,1,0,3,4,1,6,6,0,5,0,1,1,0
2,1,0,0,0,3,0,0,4,1,1,3,3,1,3,0,0,3,0
0,3,1,1,0,3,1,0,3,7,1,11,11,3,8,0,1,9,0
0,1,3,3,0,1,0,1,1,14,3,21,21,3,18,0,0,15,0
4,1,0,0,0,6,0,0,1,5,1,4,4,1,6,1,0,4,0
3,4,1,1,0,11,1,0,3,4,1,6,6,0,5,0,1,1,0
3,0,6,6,1,4,0,2,5,4,1,5,5,1,8,1,0,5,0
0,0,4,4,0,0,0,0,3,4,1,2,2,2,5,0,0,4,0
3,0,4,4,0,4,0,0,1,0,1,30,30,0,1,0,0,1,0
9,1,17,17,0,10,0,0,7,2,1,0,0,0,3,0,0,1,0
0,3,4,4,0,3,1,0,6,5,1,2,2,1,23,0,0,3,0
2,3,0,0,0,5,0,1,3,6,1,4,4,2,21,0,0,5,0
3,5,6,6,3,64,0,0,5,1,0,3,3,0,1,0,1,1,0
0,0,4,4,0,0,0,0,3,1,0,6,6,0,2,0,0,0,0
0,3,18,18,0,4,0,0,11,5,0,28,28,0,7,0,0,5,0
0,1,3,3,0,1,0,1,1,4,0,2,2,0,4,0,0,0,0
5,1,0,0,0,6,0,2,1,2,5,7,7,1,11,0,0,15,0
8,2,15,15,4,10,0,0,15,6,1,0,0,0,7,0,0,1,0
5,1,20,20,1,6,0,0,9,3,1,1,1,1,6,0,1,4,0
1,1,2,2,1,3,0,0,5,1,0,0,0,0,1,0,0,0,0
2,0,0,0,0,4,0,0,3,3,2,0,0,0,5,0,0,2,0
1,0,9,9,0,2,1,0,13,2,1,0,0,0,7,1,0,1,0
2,5,7,7,1,11,0,0,15,0,0,2,2,0,0,0,2,1,0
4,1,8,8,1,6,0,0,3,0,5,0,0,0,5,0,0,1,0
4,2,15,15,2,13,0,0,8,8,2,15,15,4,10,0,0,15,0
0,3,9,9,0,3,0,0,16,2,2,5,5,0,5,0,0,3,0
0,1,2,2,0,1,0,0,2,2,0,2,2,1,2,0,1,3,0
4,1,6,6,1,5,0,1,4,5,1,16,16,1,3,0,0,3,0
1,1,2,2,2,5,0,0,6,2,2,17,17,2,5,0,0,9,0
4,1,0,0,0,5,0,1,1,0,1,20,20,0,1,0,0,12,0
7,1,17,17,2,7,0,0,6,4,2,1,1,2,9,0,0,6,0
1,0,3,3,0,1,0,1,1,12,1,37,37,4,22,0,0,18,0
2,4,16,16,1,8,0,0,9,2,4,16,16,1,8,0,0,9,0
3,2,12,12,3,18,0,0,12,5,3,0,0,0,9,0,1,1,0
33,2,29,29,3,21,0,2,25,4,1,2,2,2,9,0,0,4,0
2,0,2,2,1,2,0,1,3,1,1,0,0,0,2,0,0,1,0
2,0,17,17,1,2,1,0,12,1,0,1,1,0,1,0,1,1,0
8,1,0,0,0,9,0,0,1,4,0,4,4,0,5,0,0,1,0
8,2,15,15,4,10,0,0,15,4,1,13,13,2,5,0,0,11,0
2,3,0,0,0,5,0,1,3,6,1,2,2,1,11,1,0,3,0
8,2,15,15,4,10,0,0,15,2,1,1,1,0,4,0,1,1,0
11,1,11,11,2,12,0,1,11,3,0,0,0,0,3,0,0,0,0
6,0,7,7,0,6,0,0,0,4,1,2,2,0,7,0,0,1,0
4,0,0,0,0,6,0,0,0,3,1,14,14,0,4,0,0,3,0
3,3,15,15,2,7,0,0,13,5,1,13,13,1,6,0,0,7,0
3,1,0,0,0,12,1,0,1,7,1,1,1,0,15,0,0,1,0
6,0,13,13,0,6,0,1,1,2,1,10,10,2,5,0,0,5,0
4,1,2,2,2,5,0,0,4,0,0,2,2,0,0,0,2,1,0
2,2,8,8,1,6,0,0,6,5,1,9,9,3,8,0,0,11,0
4,1,3,3,1,13,1,0,3,6,2,9,9,0,10,0,0,4,0
1,0,9,9,0,2,1,0,13,2,1,10,10,2,5,0,0,5,0
3,1,1,1,0,4,1,0,1,0,1,3,3,0,3,0,0,1,0
4,1,4,4,1,15,0,0,4,4,2,3,3,0,7,0,0,3,0
1,1,0,0,0,2,0,0,1,5,1,23,23,2,6,1,1,17,0
4,1,14,14,2,5,0,0,7,34,2,10,10,3,16,0,0,13,0
3,2,8,8,1,6,0,0,5,2,2,5,5,0,5,0,0,3,0
2,1,4,4,2,6,0,0,4,15,1,16,16,2,6,0,0,7,0
1,4,3,3,0,7,0,0,11,1,0,0,0,0,1,0,0,1,0
4,1,14,14,2,5,0,0,7,7,1,2,2,0,9,0,0,1,0
0,1,5,5,0,1,0,0,7,6,2,8,8,1,7,0,0,10,0
3,1,0,0,0,12,1,0,1,0,0,1,1,0,0,0,0,1,0
4,1,6,6,1,5,0,0,7,3,2,1,1,0,5,0,1,1,0
6,1,5,5,1,14,0,0,4,14,3,21,21,3,18,0,0,15,0
7,1,29,29,3,9,0,0,11,7,1,4,4,1,13,0,0,8,0
9,2,0,0,0,11,0,0,3,4,0,2,2,0,4,0,0,0,0
34,1,109,109,5,44,0,0,17,3,1,1,1,0,4,0,1,4,0
4,2,3,3,0,7,0,0,3,3,2,8,8,1,7,0,0,6,0
4,1,6,6,0,5,0,1,1,4,1,6,6,1,5,1,0,4,0
1,1,2,2,1,3,0,0,3,1,0,1,1,1,2,0,0,1,0
14,3,21,21,3,18,0,0,15,4,1,6,6,1,5,0,0,7,0
0,4,4,4,1,7,0,0,4,6,0,2,2,0,8,0,0,1,0
3,2,12,12,3,18,0,0,12,7,1,11,11,3,8,0,1,9,0
1,0,3,3,0,1,0,1,1,6,1,11,11,0,7,1,0,4,0
0,1,2,2,0,1,0,0,3,3,1,3,3,1,9,0,0,3,0
4,1,1,1,0,5,0,1,1,2,0,0,0,0,2,0,0,1,0
4,2,3,3,0,7,0,0,3,1,1,0,0,0,2,0,0,2,0
0,1,7,7,0,1,0,0,7,0,1,1,1,0,1,0,0,100,0
16,1,29,29,2,27,1,0,7,1,2,5,5,1,6,0,0,7,0
1,0,6,6,2,1,0,1,7,3,1,3,3,1,6,1,0,3,0
3,2,19,19,1,4,0,0,15,6,1,19,19,4,44,0,0,11,0
2,1,0,0,0,13,0,0,1,2,3,0,0,0,6,1,0,2,0
7,1,2,2,1,9,0,1,3,3,2,8,8,1,7,0,0,6,0
4,1,2,2,1,17,0,0,3,4,1,20,20,0,5,0,0,1,0
1,0,1,1,0,2,0,0,0,1,0,0,0,0,1,0,0,1,0
7,1,11,11,3,8,0,1,9,2,0,0,0,0,2,0,4,1,0
5,9,29,29,0,18,0,0,5,3,1,5,5,4,27,0,0,12,0
4,1,3,3,1,5,0,0,6,0,1,1,1,0,1,0,0,100,0
12,1,37,37,4,22,0,0,18,7,1,2,2,0,9,0,0,1,0
5,1,16,16,1,3,0,0,3,3,1,9,9,3,5,0,0,8,0
0,4,4,4,1,7,0,0,4,3,1,3,3,0,4,0,1,3,0
1,0,1,1,1,2,0,0,1,0,1,2,2,0,1,0,0,3,0
3,2,0,0,0,5,0,0,2,13,1,18,18,4,14,0,0,9,0
11,0,11,11,2,11,1,0,5,3,2,2,2,1,17,0,0,4,0
8,1,8,8,3,18,0,1,8,4,1,2,2,0,5,0,0,4,0
6,1,2,2,0,7,1,0,1,14,3,22,22,3,18,0,0,15,0
7,1,11,11,3,8,0,1,9,3,0,0,0,0,4,0,0,0,0
1,0,0,0,0,1,0,1,1,1,0,6,6,2,1,0,1,7,0
1,2,2,2,0,6,0,0,4,0,3,1,1,0,3,0,0,5,0
0,1,1,1,0,1,0,0,99,3,0,6,6,1,4,0,2,5,0
0,0,0,0,1,5,0,2,3,0,0,2,2,0,0,0,0,4,0
5,1,23,23,2,6,1,1,17,0,1,7,7,0,1,0,0,7,0
0,1,3,3,0,3,0,0,1,3,2,8,8,1,7,0,0,6,0
0,0,2,2,2,0,0,1,3,8,2,7,7,0,13,0,0,6,0
3,0,5,5,0,3,0,0,1,2,4,16,16,1,8,0,0,9,0
1,0,6,6,2,1,0,1,7,9,1,16,16,0,18,0,0,1,0
1,0,0,0,0,2,0,0,0,0,0,2,2,0,1,0,0,2,0
8,1,7,7,0,4,0,0,1,0,0,0,0,1,1,0,0,3,0
3,2,8,8,1,7,0,0,6,6,0,12,12,2,13,0,0,3,0
0,0,4,4,0,0,0,2,1,4,1,0,0,0,6,1,0,1,0
3,0,0,0,0,3,0,0,0,4,1,6,6,1,5,0,0,4,0
5,1,9,9,3,8,0,0,11,1,1,2,2,1,3,0,0,3,0
3,2,8,8,1,7,0,0,6,0,1,4,4,1,3,0,1,6,0
3,2,8,8,1,7,0,0,6,3,3,5,5,0,6,0,0,7,0
1,0,2,2,1,1,0,2,2,5,1,8,8,1,6,0,0,5,0
3,1,2,2,2,10,0,0,4,2,0,0,0,1,11,0,1,3,0
14,1,26,26,4,15,0,0,15,0,1,3,3,0,1,0,1,1,0
4,2,1,1,2,9,0,0,6,7,1,2,2,1,9,0,1,3,0
0,2,0,0,0,3,0,0,3,7,1,11,11,3,8,0,1,9,0
2,2,4,4,0,5,0,0,5,6,1,0,0,0,7,0,0,1,0
3,1,12,12,3,4,0,0,9,4,1,2,2,1,17,0,0,3,0
